// 12/12/2022 15:52:09;;;;;;
// ReaderName=169.254.1.1, AntennaIDs=1,2,3,4, InventoryMode=SingleTarget, ModeIndex=1000, Population=32, PowerInDbm=30, Session=1;;;;;;
// Timestamp, EPC, TID, Antenna, RSSI, Frequency, Hostname, PhaseAngle, DopplerFrequency;;;;;;
2022-12-12T16:26:32.5279900+01:00;AD3830770CCDD0AD3830033A;;1;-71;865,7;169.254.1.1
2022-12-12T16:26:32.5293270+01:00;AD3830770CCDD0AD38300324;;1;-71;865,7;169.254.1.1
2022-12-12T16:26:32.5315800+01:00;AD3830770CCDD0AD38300342;;1;-70;865,7;169.254.1.1
2022-12-12T16:26:32.5379950+01:00;AD3830770CCDD0AD383002D8;;1;-71;865,7;169.254.1.1
2022-12-12T16:26:32.5408770+01:00;AD3830770CCDD0AD3830027B;;1;-68,5;865,7;169.254.1.1
2022-12-12T16:26:32.5430530+01:00;AD3830770CCDD0AD383003B3;;1;-72;865,7;169.254.1.1
2022-12-12T16:26:32.5571040+01:00;AD3830770CCDD0AD383002DA;;1;-69,5;865,7;169.254.1.1
2022-12-12T16:26:32.5751410+01:00;AD3830770CCDD0AD38300301;;1;-73,5;865,7;169.254.1.1
2022-12-12T16:26:32.5809930+01:00;AD3830770CCDD0AD383004A9;;1;-74;865,7;169.254.1.1
2022-12-12T16:26:32.5868390+01:00;AD3830770CCDD0AD383001D7;;1;-72,5;865,7;169.254.1.1
2022-12-12T16:26:32.6037510+01:00;AD3830770CCDD0AD3830027F;;2;-70,5;865,7;169.254.1.1
2022-12-12T16:26:32.6394330+01:00;AD3830770CCDD0AD383001E7;;2;-73;865,7;169.254.1.1
2022-12-12T16:26:32.6507460+01:00;AD3830770CCDD0AD383001D6;;2;-75,5;865,7;169.254.1.1
2022-12-12T16:26:32.6619230+01:00;AD3830770CCDD0AD38300326;;2;-73,5;865,7;169.254.1.1
2022-12-12T16:26:32.6782040+01:00;AD3830770CCDD0AD38300309;;3;-68,5;865,7;169.254.1.1
2022-12-12T16:26:32.6911640+01:00;AD3830770CCDD0AD383002E7;;3;-73,5;865,7;169.254.1.1
2022-12-12T16:26:32.7008660+01:00;AD3830770CCDD0AD38300343;;3;-73,5;865,7;169.254.1.1
2022-12-12T16:26:32.7106240+01:00;AD3830770CCDD0AD3830021C;;3;-74;865,7;169.254.1.1
2022-12-12T16:26:32.7374660+01:00;AD3830770CCDD0AD38300372;;4;-77;865,7;169.254.1.1
2022-12-12T16:26:32.7565190+01:00;AD3830770CCDD0AD38300399;;4;-75,5;865,7;169.254.1.1
2022-12-12T16:26:32.7662810+01:00;AD3830770CCDD0AD383003BB;;4;-75;865,7;169.254.1.1
2022-12-12T16:26:32.7818620+01:00;AD3830770CCDD0AD38300326;;1;-69,5;865,7;169.254.1.1
2022-12-12T16:26:32.7829220+01:00;AD3830770CCDD0AD38300455;;1;-70;865,7;169.254.1.1
2022-12-12T16:26:32.7842800+01:00;AD3830770CCDD0AD3830047A;;1;-72;865,7;169.254.1.1
2022-12-12T16:26:32.8081150+01:00;AD3830770CCDD0AD383001E7;;1;-76,5;865,7;169.254.1.1
2022-12-12T16:26:32.8139450+01:00;AD3830770CCDD0AD38300307;;1;-76;865,7;169.254.1.1
2022-12-12T16:26:32.8207210+01:00;AD3830770CCDD0AD3830031B;;1;-75,5;865,7;169.254.1.1
2022-12-12T16:26:32.8677420+01:00;AD3830770CCDD0AD383001D7;;2;-74,5;865,7;169.254.1.1
2022-12-12T16:26:32.8772230+01:00;AD3830770CCDD0AD3830029C;;2;-74;865,7;169.254.1.1
2022-12-12T16:26:32.8869690+01:00;AD3830770CCDD0AD383001D5;;2;-73,5;865,7;169.254.1.1
2022-12-12T16:26:32.9184330+01:00;AD3830770CCDD0AD383001DD;;3;-77;865,7;169.254.1.1
2022-12-12T16:26:32.9283100+01:00;AD3830770CCDD0AD3830021C;;3;-74;865,7;169.254.1.1
2022-12-12T16:26:32.9767900+01:00;AD3830770CCDD0AD383003BB;;4;-76;865,7;169.254.1.1
2022-12-12T16:26:33.0217970+01:00;AD3830770CCDD0AD3830044B;;1;-76;865,7;169.254.1.1
2022-12-12T16:26:33.0787090+01:00;AD3830770CCDD0AD383002AA;;2;-74;865,7;169.254.1.1
2022-12-12T16:26:33.0901400+01:00;AD3830770CCDD0AD3830027D;;2;-73,5;865,7;169.254.1.1
2022-12-12T16:26:33.1031170+01:00;AD3830770CCDD0AD383001C6;;2;-76;865,7;169.254.1.1
2022-12-12T16:26:33.2007680+01:00;AD3830770CCDD0AD3830031B;;1;-74,5;865,7;169.254.1.1
2022-12-12T16:26:33.2103930+01:00;AD3830770CCDD0AD38300333;;1;-76;865,7;169.254.1.1
2022-12-12T16:26:33.2255350+01:00;AD3830770CCDD0AD383002CC;;1;-75,5;865,7;169.254.1.1
2022-12-12T16:26:33.2745300+01:00;AD3830770CCDD0AD383001D5;;2;-72,5;865,7;169.254.1.1
2022-12-12T16:26:33.3779560+01:00;AD3830770CCDD0AD383002CC;;1;-76,5;865,7;169.254.1.1
2022-12-12T16:26:33.3944300+01:00;AD3830770CCDD0AD383001C6;;1;-76;865,7;169.254.1.1
2022-12-12T16:26:33.4450930+01:00;AD3830770CCDD0AD3830026D;;2;-77;865,7;169.254.1.1
2022-12-12T16:26:33.4569600+01:00;AD3830770CCDD0AD3830046B;;2;-75;865,7;169.254.1.1
2022-12-12T16:26:33.4666040+01:00;AD3830770CCDD0AD383001C4;;2;-77,5;865,7;169.254.1.1
2022-12-12T16:26:33.6045270+01:00;AD3830770CCDD0AD38300285;;2;-77,5;865,7;169.254.1.1
2022-12-12T16:26:33.6145580+01:00;AD3830770CCDD0AD383002DB;;2;-75,5;865,7;169.254.1.1
2022-12-12T16:26:33.7584090+01:00;AD3830770CCDD0AD383001C4;;2;-77,5;865,7;169.254.1.1
2022-12-12T16:26:33.7697520+01:00;AD3830770CCDD0AD383001C6;;2;-74,5;865,7;169.254.1.1
2022-12-12T16:26:33.8711850+01:00;AD3830770CCDD0AD383001C6;;1;-75,5;865,7;169.254.1.1
2022-12-12T16:26:34.1491260+01:00;AD3830770CCDD0AD3830027F;;2;-70;865,7;169.254.1.1
2022-12-12T16:26:34.1665940+01:00;AD3830770CCDD0AD38300342;;2;-74,5;865,7;169.254.1.1
2022-12-12T16:26:34.2525010+01:00;AD3830770CCDD0AD3830033A;;1;-72;865,7;169.254.1.1
2022-12-12T16:26:34.2546380+01:00;AD3830770CCDD0AD38300324;;1;-71,5;865,7;169.254.1.1
2022-12-12T16:26:34.2582160+01:00;AD3830770CCDD0AD3830027B;;1;-68;865,7;169.254.1.1
2022-12-12T16:26:34.2753500+01:00;AD3830770CCDD0AD383004A9;;1;-73;865,7;169.254.1.1
2022-12-12T16:26:34.2885530+01:00;AD3830770CCDD0AD383001DD;;1;-73,5;865,7;169.254.1.1
2022-12-12T16:26:34.2997200+01:00;AD3830770CCDD0AD383003B3;;1;-72;865,7;169.254.1.1
2022-12-12T16:26:34.3728500+01:00;AD3830770CCDD0AD3830021C;;3;-74;865,7;169.254.1.1
2022-12-12T16:26:34.4300300+01:00;AD3830770CCDD0AD383002D8;;1;-72;865,7;169.254.1.1
2022-12-12T16:26:34.4311050+01:00;AD3830770CCDD0AD383003B3;;1;-72;865,7;169.254.1.1
2022-12-12T16:26:34.4343220+01:00;AD3830770CCDD0AD383002DA;;1;-69;865,7;169.254.1.1
2022-12-12T16:26:34.4425130+01:00;AD3830770CCDD0AD3830047A;;1;-72,5;865,7;169.254.1.1
2022-12-12T16:26:34.4502640+01:00;AD3830770CCDD0AD38300455;;1;-73,5;865,7;169.254.1.1
2022-12-12T16:26:34.4764730+01:00;AD3830770CCDD0AD383001E7;;2;-71,5;865,7;169.254.1.1
2022-12-12T16:26:34.4957340+01:00;AD3830770CCDD0AD383001C6;;2;-76,5;865,7;169.254.1.1
2022-12-12T16:26:34.5269920+01:00;AD3830770CCDD0AD38300309;;3;-68,5;865,7;169.254.1.1
2022-12-12T16:26:34.5399430+01:00;AD3830770CCDD0AD38300326;;3;-71;865,7;169.254.1.1
2022-12-12T16:26:34.5575070+01:00;AD3830770CCDD0AD383002E7;;3;-73,5;865,7;169.254.1.1
2022-12-12T16:26:34.5819910+01:00;AD3830770CCDD0AD38300399;;3;-73;865,7;169.254.1.1
2022-12-12T16:26:34.6187320+01:00;AD3830770CCDD0AD38300399;;4;-76;865,7;169.254.1.1
2022-12-12T16:26:34.6287220+01:00;AD3830770CCDD0AD38300372;;4;-76,5;865,7;169.254.1.1
2022-12-12T16:26:34.6637750+01:00;AD3830770CCDD0AD383001E7;;1;-76;865,7;169.254.1.1
2022-12-12T16:26:34.6733330+01:00;AD3830770CCDD0AD383001D6;;1;-77;865,7;169.254.1.1
2022-12-12T16:26:34.6896040+01:00;AD3830770CCDD0AD38300301;;1;-73;865,7;169.254.1.1
2022-12-12T16:26:34.7225000+01:00;AD3830770CCDD0AD38300293;;2;-75;865,7;169.254.1.1
2022-12-12T16:26:34.7579930+01:00;AD3830770CCDD0AD38300343;;3;-73,5;865,7;169.254.1.1
2022-12-12T16:26:34.8462240+01:00;AD3830770CCDD0AD38300301;;1;-73,5;865,7;169.254.1.1
2022-12-12T16:26:34.8559110+01:00;AD3830770CCDD0AD383001D7;;1;-74;865,7;169.254.1.1
2022-12-12T16:26:34.9921860+01:00;AD3830770CCDD0AD38300307;;1;-76;865,7;169.254.1.1
2022-12-12T16:26:35.0409940+01:00;AD3830770CCDD0AD3830027D;;2;-73,5;865,7;169.254.1.1
2022-12-12T16:26:35.0524480+01:00;AD3830770CCDD0AD383002AA;;2;-74,5;865,7;169.254.1.1
2022-12-12T16:26:35.1960770+01:00;AD3830770CCDD0AD38300285;;2;-77,5;865,7;169.254.1.1
2022-12-12T16:26:35.3380410+01:00;AD3830770CCDD0AD383002DB;;2;-73,5;865,7;169.254.1.1
2022-12-12T16:26:35.4133900+01:00;AD3830770CCDD0AD383003BB;;4;-75,5;865,7;169.254.1.1
2022-12-12T16:26:35.4541520+01:00;AD3830770CCDD0AD383001DD;;1;-73;865,7;169.254.1.1
2022-12-12T16:26:35.4689680+01:00;AD3830770CCDD0AD3830031B;;1;-75;865,7;169.254.1.1
2022-12-12T16:26:35.5119830+01:00;AD3830770CCDD0AD3830029C;;2;-77;865,7;169.254.1.1
2022-12-12T16:26:35.6311090+01:00;AD3830770CCDD0AD383001E7;;1;-76,5;865,7;169.254.1.1
2022-12-12T16:26:35.6578040+01:00;AD3830770CCDD0AD3830027F;;2;-70;865,7;169.254.1.1
2022-12-12T16:26:35.7852090+01:00;AD3830770CCDD0AD38300342;;1;-73,5;865,7;169.254.1.1
2022-12-12T16:26:35.8323370+01:00;AD3830770CCDD0AD383001C6;;2;-76;865,7;169.254.1.1
2022-12-12T16:26:35.9320700+01:00;AD3830770CCDD0AD3830033A;;1;-73;865,7;169.254.1.1
2022-12-12T16:26:35.9333630+01:00;AD3830770CCDD0AD3830027B;;1;-67,5;865,7;169.254.1.1
2022-12-12T16:26:35.9493960+01:00;AD3830770CCDD0AD38300324;;1;-72;865,7;169.254.1.1
2022-12-12T16:26:35.9644220+01:00;AD3830770CCDD0AD383004A9;;1;-73;865,7;169.254.1.1
2022-12-12T16:26:36.1007840+01:00;AD3830770CCDD0AD3830047A;;1;-72,5;865,7;169.254.1.1
2022-12-12T16:26:36.1974500+01:00;AD3830770CCDD0AD38300309;;4;-70;865,7;169.254.1.1
2022-12-12T16:26:36.2386110+01:00;AD3830770CCDD0AD383003B3;;1;-71,5;865,7;169.254.1.1
2022-12-12T16:26:36.2399210+01:00;AD3830770CCDD0AD383002DA;;1;-69;865,7;169.254.1.1
2022-12-12T16:26:36.2414300+01:00;AD3830770CCDD0AD383001DD;;1;-72,5;865,7;169.254.1.1
2022-12-12T16:26:36.2547670+01:00;AD3830770CCDD0AD383002D8;;1;-72,5;865,7;169.254.1.1
2022-12-12T16:26:36.2677940+01:00;AD3830770CCDD0AD38300326;;1;-71;865,7;169.254.1.1
2022-12-12T16:26:36.4620480+01:00;AD3830770CCDD0AD3830021C;;3;-74;865,7;169.254.1.1
2022-12-12T16:26:36.4717310+01:00;AD3830770CCDD0AD383002E7;;3;-73;865,7;169.254.1.1
2022-12-12T16:26:36.4870910+01:00;AD3830770CCDD0AD38300399;;3;-73;865,7;169.254.1.1
2022-12-12T16:26:36.5129120+01:00;AD3830770CCDD0AD38300399;;4;-75;865,7;169.254.1.1
2022-12-12T16:26:36.5467890+01:00;AD3830770CCDD0AD38300455;;1;-73,5;865,7;169.254.1.1
2022-12-12T16:26:36.5836370+01:00;AD3830770CCDD0AD383001D5;;2;-77;865,7;169.254.1.1
2022-12-12T16:26:36.5982180+01:00;AD3830770CCDD0AD3830049F;;2;-76;865,7;169.254.1.1
2022-12-12T16:26:36.6080490+01:00;AD3830770CCDD0AD3830027D;;2;-74;865,7;169.254.1.1
2022-12-12T16:26:36.6337270+01:00;AD3830770CCDD0AD38300343;;3;-73,5;865,7;169.254.1.1
2022-12-12T16:26:36.6679100+01:00;AD3830770CCDD0AD38300372;;4;-77;865,7;169.254.1.1
2022-12-12T16:26:36.7260050+01:00;AD3830770CCDD0AD383001D7;;1;-73;865,7;169.254.1.1
2022-12-12T16:26:36.7686720+01:00;AD3830770CCDD0AD38300293;;2;-75;865,7;169.254.1.1
2022-12-12T16:26:36.7836310+01:00;AD3830770CCDD0AD3830027D;;2;-73,5;865,7;169.254.1.1
2022-12-12T16:26:36.8204430+01:00;AD3830770CCDD0AD38300307;;3;-76;865,7;169.254.1.1
2022-12-12T16:26:36.9045750+01:00;AD3830770CCDD0AD3830033A;;1;-74,5;865,7;169.254.1.1
2022-12-12T16:26:36.9548880+01:00;AD3830770CCDD0AD383001C6;;2;-76,5;865,7;169.254.1.1
2022-12-12T16:26:37.0568440+01:00;AD3830770CCDD0AD383002F1;;1;-77,5;865,7;169.254.1.1
2022-12-12T16:26:37.0682820+01:00;AD3830770CCDD0AD38300301;;1;-73;865,7;169.254.1.1
2022-12-12T16:26:37.1194990+01:00;AD3830770CCDD0AD383002AA;;2;-74,5;865,7;169.254.1.1
2022-12-12T16:26:37.2527760+01:00;AD3830770CCDD0AD3830027F;;2;-70;865,7;169.254.1.1
2022-12-12T16:26:37.2713090+01:00;AD3830770CCDD0AD3830029C;;2;-73,5;865,7;169.254.1.1
2022-12-12T16:26:37.2813440+01:00;AD3830770CCDD0AD383002DB;;2;-76,5;865,7;169.254.1.1
2022-12-12T16:26:37.3873610+01:00;AD3830770CCDD0AD38300342;;1;-72,5;865,7;169.254.1.1
2022-12-12T16:26:37.3951790+01:00;AD3830770CCDD0AD383001E7;;1;-77,5;865,7;169.254.1.1
2022-12-12T16:26:37.4029250+01:00;AD3830770CCDD0AD3830031B;;1;-74,5;865,7;169.254.1.1
2022-12-12T16:26:37.5186110+01:00;AD3830770CCDD0AD3830027B;;1;-67;865,7;169.254.1.1
2022-12-12T16:26:37.5382440+01:00;AD3830770CCDD0AD3830031B;;1;-74,5;865,7;169.254.1.1
2022-12-12T16:26:37.6841650+01:00;AD3830770CCDD0AD38300324;;1;-73,5;865,7;169.254.1.1
2022-12-12T16:26:37.6991260+01:00;AD3830770CCDD0AD383004A9;;1;-74;865,7;169.254.1.1
2022-12-12T16:26:37.8104390+01:00;AD3830770CCDD0AD383003BB;;4;-75,5;865,7;169.254.1.1
2022-12-12T16:26:37.8355380+01:00;AD3830770CCDD0AD383002DA;;1;-68,5;865,7;169.254.1.1
2022-12-12T16:26:37.8416040+01:00;AD3830770CCDD0AD383001DD;;1;-72,5;865,7;169.254.1.1
2022-12-12T16:26:37.8549340+01:00;AD3830770CCDD0AD383001E7;;1;-76,5;865,7;169.254.1.1
2022-12-12T16:26:37.9055650+01:00;AD3830770CCDD0AD38300285;;2;-77;865,7;169.254.1.1
2022-12-12T16:26:37.9324340+01:00;AD3830770CCDD0AD38300309;;3;-68,5;865,7;169.254.1.1
2022-12-12T16:26:37.9984010+01:00;AD3830770CCDD0AD3830047A;;1;-72;865,7;169.254.1.1
2022-12-12T16:26:38.0008280+01:00;AD3830770CCDD0AD383003B3;;1;-72,5;865,7;169.254.1.1
2022-12-12T16:26:38.0144030+01:00;AD3830770CCDD0AD38300326;;1;-70;865,7;169.254.1.1
2022-12-12T16:26:38.0241610+01:00;AD3830770CCDD0AD383002D8;;1;-73;865,7;169.254.1.1
2022-12-12T16:26:38.0817830+01:00;AD3830770CCDD0AD383001C6;;2;-76,5;865,7;169.254.1.1
2022-12-12T16:26:38.2575380+01:00;AD3830770CCDD0AD38300399;;3;-72,5;865,7;169.254.1.1
2022-12-12T16:26:38.2705450+01:00;AD3830770CCDD0AD383002E7;;3;-73,5;865,7;169.254.1.1
2022-12-12T16:26:38.3496930+01:00;AD3830770CCDD0AD38300455;;1;-72,5;865,7;169.254.1.1
2022-12-12T16:26:38.3628410+01:00;AD3830770CCDD0AD383001E7;;1;-76,5;865,7;169.254.1.1
2022-12-12T16:26:38.4159200+01:00;AD3830770CCDD0AD383001D5;;2;-75;865,7;169.254.1.1
2022-12-12T16:26:38.4578400+01:00;AD3830770CCDD0AD3830021C;;3;-74;865,7;169.254.1.1
2022-12-12T16:26:38.4726650+01:00;AD3830770CCDD0AD38300343;;3;-74;865,7;169.254.1.1
2022-12-12T16:26:38.5146980+01:00;AD3830770CCDD0AD38300372;;4;-77;865,7;169.254.1.1
2022-12-12T16:26:38.5654460+01:00;AD3830770CCDD0AD3830033A;;1;-74;865,7;169.254.1.1
2022-12-12T16:26:38.5785960+01:00;AD3830770CCDD0AD383001E7;;1;-76,5;865,7;169.254.1.1
2022-12-12T16:26:38.6190800+01:00;AD3830770CCDD0AD383001D7;;2;-74,5;865,7;169.254.1.1
2022-12-12T16:26:38.7129740+01:00;AD3830770CCDD0AD383002DA;;1;-69;865,7;169.254.1.1
2022-12-12T16:26:38.7385180+01:00;AD3830770CCDD0AD3830021D;;1;-75,5;865,7;169.254.1.1
2022-12-12T16:26:38.7482580+01:00;AD3830770CCDD0AD383003F7;;1;-73,5;865,7;169.254.1.1
2022-12-12T16:26:38.7577920+01:00;AD3830770CCDD0AD383002B9;;1;-75,5;865,7;169.254.1.1
2022-12-12T16:26:38.7732510+01:00;AD3830770CCDD0AD383002B9;;2;-70,5;865,7;169.254.1.1
2022-12-12T16:26:38.7747660+01:00;AD3830770CCDD0AD3830027F;;2;-71;865,7;169.254.1.1
2022-12-12T16:26:38.7900310+01:00;AD3830770CCDD0AD3830026D;;2;-76,5;865,7;169.254.1.1
2022-12-12T16:26:38.8868030+01:00;AD3830770CCDD0AD38300280;;1;-72,5;865,7;169.254.1.1
2022-12-12T16:26:38.9345660+01:00;AD3830770CCDD0AD383001D6;;1;-77;865,7;169.254.1.1
2022-12-12T16:26:38.9513770+01:00;AD3830770CCDD0AD38300307;;1;-76,5;865,7;169.254.1.1
2022-12-12T16:26:38.9858530+01:00;AD3830770CCDD0AD383001C6;;2;-76;865,7;169.254.1.1
2022-12-12T16:26:39.0024640+01:00;AD3830770CCDD0AD3830021B;;2;-72,5;865,7;169.254.1.1
2022-12-12T16:26:39.0138210+01:00;AD3830770CCDD0AD38300342;;2;-74,5;865,7;169.254.1.1
2022-12-12T16:26:39.1132150+01:00;AD3830770CCDD0AD38300301;;1;-72;865,7;169.254.1.1
2022-12-12T16:26:39.1299750+01:00;AD3830770CCDD0AD38300342;;1;-73;865,7;169.254.1.1
2022-12-12T16:26:39.1747700+01:00;AD3830770CCDD0AD383002DB;;2;-76;865,7;169.254.1.1
2022-12-12T16:26:39.1860480+01:00;AD3830770CCDD0AD38300443;;2;-74,5;865,7;169.254.1.1
2022-12-12T16:26:39.2012360+01:00;AD3830770CCDD0AD383002AA;;2;-73,5;865,7;169.254.1.1
2022-12-12T16:26:39.3156100+01:00;AD3830770CCDD0AD3830027B;;1;-71,5;865,7;169.254.1.1
2022-12-12T16:26:39.3252450+01:00;AD3830770CCDD0AD383002F1;;1;-77,5;865,7;169.254.1.1
2022-12-12T16:26:39.3610110+01:00;AD3830770CCDD0AD383002AA;;2;-75;865,7;169.254.1.1
2022-12-12T16:26:39.3708950+01:00;AD3830770CCDD0AD38300475;;2;-76;865,7;169.254.1.1
2022-12-12T16:26:39.3776740+01:00;AD3830770CCDD0AD3830027D;;2;-75,5;865,7;169.254.1.1
2022-12-12T16:26:39.4074320+01:00;AD3830770CCDD0AD383004A9;;3;-74;865,7;169.254.1.1
2022-12-12T16:26:39.4275880+01:00;AD3830770CCDD0AD383001EE;;3;-77;865,7;169.254.1.1
2022-12-12T16:26:39.4781350+01:00;AD3830770CCDD0AD3830043F;;1;-71;865,7;169.254.1.1
2022-12-12T16:26:39.4793210+01:00;AD3830770CCDD0AD383003ED;;1;-70;865,7;169.254.1.1
2022-12-12T16:26:39.5086840+01:00;AD3830770CCDD0AD3830040B;;1;-73,5;865,7;169.254.1.1
2022-12-12T16:26:39.5252170+01:00;AD3830770CCDD0AD383001DD;;1;-73,5;865,7;169.254.1.1
2022-12-12T16:26:39.5540090+01:00;AD3830770CCDD0AD38300403;;2;-71;865,7;169.254.1.1
2022-12-12T16:26:39.5934500+01:00;AD3830770CCDD0AD38300476;;2;-74,5;865,7;169.254.1.1
2022-12-12T16:26:39.6056730+01:00;AD3830770CCDD0AD3830032E;;2;-75;865,7;169.254.1.1
2022-12-12T16:26:39.6152230+01:00;AD3830770CCDD0AD38300494;;2;-71;865,7;169.254.1.1
2022-12-12T16:26:39.6320400+01:00;AD3830770CCDD0AD38300309;;3;-69,5;865,7;169.254.1.1
2022-12-12T16:26:39.7040610+01:00;AD3830770CCDD0AD38300437;;1;-71;865,7;169.254.1.1
2022-12-12T16:26:39.7067430+01:00;AD3830770CCDD0AD3830021B;;1;-72;865,7;169.254.1.1
2022-12-12T16:26:39.7141880+01:00;AD3830770CCDD0AD38300324;;1;-70,5;865,7;169.254.1.1
2022-12-12T16:26:39.7287920+01:00;AD3830770CCDD0AD3830047A;;1;-71,5;865,7;169.254.1.1
2022-12-12T16:26:39.7356520+01:00;AD3830770CCDD0AD383004A5;;1;-71,5;865,7;169.254.1.1
2022-12-12T16:26:39.7524760+01:00;AD3830770CCDD0AD383001EF;;1;-73;865,7;169.254.1.1
2022-12-12T16:26:39.7676550+01:00;AD3830770CCDD0AD38300326;;1;-70;865,7;169.254.1.1
2022-12-12T16:26:39.7813170+01:00;AD3830770CCDD0AD38300450;;1;-69;865,7;169.254.1.1
2022-12-12T16:26:39.7938680+01:00;AD3830770CCDD0AD383001CB;;2;-71;865,7;169.254.1.1
2022-12-12T16:26:39.8007830+01:00;AD3830770CCDD0AD38300435;;2;-71,5;865,7;169.254.1.1
2022-12-12T16:26:39.8025410+01:00;AD3830770CCDD0AD383004A2;;2;-69,5;865,7;169.254.1.1
2022-12-12T16:26:39.8063260+01:00;AD3830770CCDD0AD3830027D;;2;-69;865,7;169.254.1.1
2022-12-12T16:26:39.8073900+01:00;AD3830770CCDD0AD38300246;;2;-70;865,7;169.254.1.1
2022-12-12T16:26:39.8084770+01:00;AD3830770CCDD0AD383001C9;;2;-72;865,7;169.254.1.1
2022-12-12T16:26:39.8124930+01:00;AD3830770CCDD0AD383003B3;;2;-71,5;865,7;169.254.1.1
2022-12-12T16:26:39.8314160+01:00;AD3830770CCDD0AD3830028A;;2;-74,5;865,7;169.254.1.1
2022-12-12T16:26:39.8412330+01:00;AD3830770CCDD0AD38300424;;2;-73,5;865,7;169.254.1.1
2022-12-12T16:26:39.8508490+01:00;AD3830770CCDD0AD38300466;;2;-70;865,7;169.254.1.1
2022-12-12T16:26:39.8952100+01:00;AD3830770CCDD0AD383001EE;;3;-76,5;865,7;169.254.1.1
2022-12-12T16:26:39.9081110+01:00;AD3830770CCDD0AD383002E7;;3;-74;865,7;169.254.1.1
2022-12-12T16:26:39.9605390+01:00;AD3830770CCDD0AD38300293;;1;-67,5;865,7;169.254.1.1
2022-12-12T16:26:39.9624050+01:00;AD3830770CCDD0AD38300254;;1;-72;865,7;169.254.1.1
2022-12-12T16:26:39.9655070+01:00;AD3830770CCDD0AD383001C3;;1;-73;865,7;169.254.1.1
2022-12-12T16:26:39.9670270+01:00;AD3830770CCDD0AD38300220;;1;-69,5;865,7;169.254.1.1
2022-12-12T16:26:39.9795170+01:00;AD3830770CCDD0AD383003FB;;1;-69,5;865,7;169.254.1.1
2022-12-12T16:26:39.9819210+01:00;AD3830770CCDD0AD383001E0;;1;-67,5;865,7;169.254.1.1
2022-12-12T16:26:39.9850810+01:00;AD3830770CCDD0AD3830041A;;1;-68;865,7;169.254.1.1
2022-12-12T16:26:39.9869950+01:00;AD3830770CCDD0AD383003C8;;1;-71;865,7;169.254.1.1
2022-12-12T16:26:39.9883330+01:00;AD3830770CCDD0AD383001DE;;1;-70;865,7;169.254.1.1
2022-12-12T16:26:39.9934800+01:00;AD3830770CCDD0AD38300466;;1;-68;865,7;169.254.1.1
2022-12-12T16:26:40.0103370+01:00;AD3830770CCDD0AD383002D8;;1;-70;865,7;169.254.1.1
2022-12-12T16:26:40.0115700+01:00;AD3830770CCDD0AD383002DC;;1;-69,5;865,7;169.254.1.1
2022-12-12T16:26:40.0238930+01:00;AD3830770CCDD0AD3830021A;;1;-72,5;865,7;169.254.1.1
2022-12-12T16:26:40.0339390+01:00;AD3830770CCDD0AD3830025D;;1;-71,5;865,7;169.254.1.1
2022-12-12T16:26:40.0437780+01:00;AD3830770CCDD0AD38300280;;1;-72;865,7;169.254.1.1
2022-12-12T16:26:40.0633220+01:00;AD3830770CCDD0AD383001F4;;2;-71,5;865,7;169.254.1.1
2022-12-12T16:26:40.0742790+01:00;AD3830770CCDD0AD383003F6;;2;-70,5;865,7;169.254.1.1
2022-12-12T16:26:40.0789560+01:00;AD3830770CCDD0AD383001C8;;2;-67,5;865,7;169.254.1.1
2022-12-12T16:26:40.0800480+01:00;AD3830770CCDD0AD383001FC;;2;-69,5;865,7;169.254.1.1
2022-12-12T16:26:40.0828830+01:00;AD3830770CCDD0AD3830042A;;2;-64,5;865,7;169.254.1.1
2022-12-12T16:26:40.0845050+01:00;AD3830770CCDD0AD3830043F;;2;-67;865,7;169.254.1.1
2022-12-12T16:26:40.0875740+01:00;AD3830770CCDD0AD3830046A;;2;-70,5;865,7;169.254.1.1
2022-12-12T16:26:40.0918600+01:00;AD3830770CCDD0AD3830047D;;2;-67;865,7;169.254.1.1
2022-12-12T16:26:40.0933150+01:00;AD3830770CCDD0AD383003BC;;2;-66;865,7;169.254.1.1
2022-12-12T16:26:40.0944070+01:00;AD3830770CCDD0AD38300450;;2;-70,5;865,7;169.254.1.1
2022-12-12T16:26:40.0967800+01:00;AD3830770CCDD0AD383004AA;;2;-67,5;865,7;169.254.1.1
2022-12-12T16:26:40.1185890+01:00;AD3830770CCDD0AD3830041B;;2;-72;865,7;169.254.1.1
2022-12-12T16:26:40.1315830+01:00;AD3830770CCDD0AD3830041F;;2;-71;865,7;169.254.1.1
2022-12-12T16:26:40.1413150+01:00;AD3830770CCDD0AD3830021D;;2;-70,5;865,7;169.254.1.1
2022-12-12T16:26:40.1810590+01:00;AD3830770CCDD0AD38300399;;3;-73;865,7;169.254.1.1
2022-12-12T16:26:40.1908430+01:00;AD3830770CCDD0AD383002BE;;3;-75;865,7;169.254.1.1
2022-12-12T16:26:40.2089720+01:00;AD3830770CCDD0AD38300343;;3;-73,5;865,7;169.254.1.1
2022-12-12T16:26:40.3454790+01:00;AD3830770CCDD0AD3830044B;;4;-70;865,7;169.254.1.1
2022-12-12T16:26:40.3617600+01:00;AD3830770CCDD0AD38300475;;4;-75;865,7;169.254.1.1
2022-12-12T16:26:40.3732440+01:00;AD3830770CCDD0AD38300280;;4;-75,5;865,7;169.254.1.1
2022-12-12T16:26:40.3906560+01:00;AD3830770CCDD0AD383003D6;;4;-75;865,7;169.254.1.1
2022-12-12T16:26:40.4027220+01:00;AD3830770CCDD0AD38300438;;1;-68,5;865,7;169.254.1.1
2022-12-12T16:26:40.4040550+01:00;AD3830770CCDD0AD38300290;;1;-70;865,7;169.254.1.1
2022-12-12T16:26:40.4051470+01:00;AD3830770CCDD0AD38300482;;1;-67;865,7;169.254.1.1
2022-12-12T16:26:40.4062150+01:00;AD3830770CCDD0AD38300286;;1;-67;865,7;169.254.1.1
2022-12-12T16:26:40.4072520+01:00;AD3830770CCDD0AD383001CE;;1;-66,5;865,7;169.254.1.1
2022-12-12T16:26:40.4085560+01:00;AD3830770CCDD0AD3830030D;;1;-62;865,7;169.254.1.1
2022-12-12T16:26:40.4096880+01:00;AD3830770CCDD0AD3830029F;;1;-65;865,7;169.254.1.1
2022-12-12T16:26:40.4107700+01:00;AD3830770CCDD0AD38300443;;1;-70,5;865,7;169.254.1.1
2022-12-12T16:26:40.4118550+01:00;AD3830770CCDD0AD3830043F;;1;-67;865,7;169.254.1.1
2022-12-12T16:26:40.4128990+01:00;AD3830770CCDD0AD383002FC;;1;-69,5;865,7;169.254.1.1
2022-12-12T16:26:40.4139620+01:00;AD3830770CCDD0AD383003EB;;1;-67,5;865,7;169.254.1.1
2022-12-12T16:26:40.4150260+01:00;AD3830770CCDD0AD38300473;;1;-64,5;865,7;169.254.1.1
2022-12-12T16:26:40.4165830+01:00;AD3830770CCDD0AD383002B9;;1;-70,5;865,7;169.254.1.1
2022-12-12T16:26:40.4188950+01:00;AD3830770CCDD0AD383002DA;;1;-71;865,7;169.254.1.1
2022-12-12T16:26:40.4199980+01:00;AD3830770CCDD0AD3830048B;;1;-67,5;865,7;169.254.1.1
2022-12-12T16:26:40.4213380+01:00;AD3830770CCDD0AD3830042A;;1;-65,5;865,7;169.254.1.1
2022-12-12T16:26:40.4224160+01:00;AD3830770CCDD0AD383004B2;;1;-66,5;865,7;169.254.1.1
2022-12-12T16:26:40.4239850+01:00;AD3830770CCDD0AD383001C9;;1;-66,5;865,7;169.254.1.1
2022-12-12T16:26:40.4252730+01:00;AD3830770CCDD0AD383001F5;;1;-69,5;865,7;169.254.1.1
2022-12-12T16:26:40.4264770+01:00;AD3830770CCDD0AD38300424;;1;-68;865,7;169.254.1.1
2022-12-12T16:26:40.4278250+01:00;AD3830770CCDD0AD383003E3;;1;-69,5;865,7;169.254.1.1
2022-12-12T16:26:40.4288800+01:00;AD3830770CCDD0AD38300476;;1;-70,5;865,7;169.254.1.1
2022-12-12T16:26:40.4309280+01:00;AD3830770CCDD0AD3830021D;;1;-68,5;865,7;169.254.1.1
2022-12-12T16:26:40.4329810+01:00;AD3830770CCDD0AD383003FB;;1;-60,5;865,7;169.254.1.1
2022-12-12T16:26:40.4340490+01:00;AD3830770CCDD0AD383004B1;;1;-70;865,7;169.254.1.1
2022-12-12T16:26:40.4351600+01:00;AD3830770CCDD0AD38300202;;1;-67,5;865,7;169.254.1.1
2022-12-12T16:26:40.4363700+01:00;AD3830770CCDD0AD3830042E;;1;-68,5;865,7;169.254.1.1
2022-12-12T16:26:40.4419460+01:00;AD3830770CCDD0AD38300275;;1;-69;865,7;169.254.1.1
2022-12-12T16:26:40.4441510+01:00;AD3830770CCDD0AD38300421;;1;-64,5;865,7;169.254.1.1
2022-12-12T16:26:40.4452250+01:00;AD3830770CCDD0AD383003D6;;1;-66,5;865,7;169.254.1.1
2022-12-12T16:26:40.4467690+01:00;AD3830770CCDD0AD38300262;;1;-62,5;865,7;169.254.1.1
2022-12-12T16:26:40.4482710+01:00;AD3830770CCDD0AD38300284;;1;-66;865,7;169.254.1.1
2022-12-12T16:26:40.4500970+01:00;AD3830770CCDD0AD38300435;;1;-67;865,7;169.254.1.1
2022-12-12T16:26:40.4519640+01:00;AD3830770CCDD0AD383004AF;;1;-64;865,7;169.254.1.1
2022-12-12T16:26:40.4538230+01:00;AD3830770CCDD0AD38300480;;1;-66,5;865,7;169.254.1.1
2022-12-12T16:26:40.4558780+01:00;AD3830770CCDD0AD383001F1;;1;-64,5;865,7;169.254.1.1
2022-12-12T16:26:40.4570000+01:00;AD3830770CCDD0AD3830040B;;1;-64;865,7;169.254.1.1
2022-12-12T16:26:40.4585610+01:00;AD3830770CCDD0AD3830049F;;1;-62,5;865,7;169.254.1.1
2022-12-12T16:26:40.4619660+01:00;AD3830770CCDD0AD38300205;;1;-66;865,7;169.254.1.1
2022-12-12T16:26:40.4640160+01:00;AD3830770CCDD0AD38300214;;1;-68;865,7;169.254.1.1
2022-12-12T16:26:40.4667400+01:00;AD3830770CCDD0AD38300494;;1;-67;865,7;169.254.1.1
2022-12-12T16:26:40.4703000+01:00;AD3830770CCDD0AD383001FA;;1;-63,5;865,7;169.254.1.1
2022-12-12T16:26:40.4785240+01:00;AD3830770CCDD0AD38300221;;1;-67,5;865,7;169.254.1.1
2022-12-12T16:26:40.4874530+01:00;AD3830770CCDD0AD383004B3;;1;-70;865,7;169.254.1.1
2022-12-12T16:26:40.4934660+01:00;AD3830770CCDD0AD38300488;;1;-69;865,7;169.254.1.1
2022-12-12T16:26:40.5055870+01:00;AD3830770CCDD0AD383003ED;;2;-61,5;865,7;169.254.1.1
2022-12-12T16:26:40.5082720+01:00;AD3830770CCDD0AD3830020E;;2;-66;865,7;169.254.1.1
2022-12-12T16:26:40.5100410+01:00;AD3830770CCDD0AD3830041B;;2;-66;865,7;169.254.1.1
2022-12-12T16:26:40.5111650+01:00;AD3830770CCDD0AD38300496;;2;-67;865,7;169.254.1.1
2022-12-12T16:26:40.5121930+01:00;AD3830770CCDD0AD383001E7;;2;-71;865,7;169.254.1.1
2022-12-12T16:26:40.5137860+01:00;AD3830770CCDD0AD3830044D;;2;-65,5;865,7;169.254.1.1
2022-12-12T16:26:40.5148710+01:00;AD3830770CCDD0AD383002D3;;2;-65,5;865,7;169.254.1.1
2022-12-12T16:26:40.5159640+01:00;AD3830770CCDD0AD3830027F;;2;-70,5;865,7;169.254.1.1
2022-12-12T16:26:40.5174110+01:00;AD3830770CCDD0AD383003E9;;2;-65,5;865,7;169.254.1.1
2022-12-12T16:26:40.5185040+01:00;AD3830770CCDD0AD3830041E;;2;-70;865,7;169.254.1.1
2022-12-12T16:26:40.5200660+01:00;AD3830770CCDD0AD383001E3;;2;-70,5;865,7;169.254.1.1
2022-12-12T16:26:40.5272370+01:00;AD3830770CCDD0AD38300488;;2;-69;865,7;169.254.1.1
2022-12-12T16:26:40.5292970+01:00;AD3830770CCDD0AD383003F7;;2;-67,5;865,7;169.254.1.1
2022-12-12T16:26:40.5374120+01:00;AD3830770CCDD0AD383002C0;;2;-70,5;865,7;169.254.1.1
2022-12-12T16:26:40.5486120+01:00;AD3830770CCDD0AD38300411;;2;-71,5;865,7;169.254.1.1
2022-12-12T16:26:40.5658540+01:00;AD3830770CCDD0AD3830028A;;2;-69,5;865,7;169.254.1.1
2022-12-12T16:26:40.5754750+01:00;AD3830770CCDD0AD383003E6;;2;-70;865,7;169.254.1.1
2022-12-12T16:26:40.6091870+01:00;AD3830770CCDD0AD383002AA;;3;-75;865,7;169.254.1.1
2022-12-12T16:26:40.6285640+01:00;AD3830770CCDD0AD38300343;;3;-73,5;865,7;169.254.1.1
2022-12-12T16:26:40.6598810+01:00;AD3830770CCDD0AD38300206;;4;-73,5;865,7;169.254.1.1
2022-12-12T16:26:40.6751210+01:00;AD3830770CCDD0AD38300372;;4;-76,5;865,7;169.254.1.1
2022-12-12T16:26:40.6864090+01:00;AD3830770CCDD0AD383004A3;;4;-72,5;865,7;169.254.1.1
2022-12-12T16:26:40.7039430+01:00;AD3830770CCDD0AD38300437;;1;-57,5;865,7;169.254.1.1
2022-12-12T16:26:40.7079060+01:00;AD3830770CCDD0AD383003FB;;1;-67,5;865,7;169.254.1.1
2022-12-12T16:26:40.7090090+01:00;AD3830770CCDD0AD38300462;;1;-62,5;865,7;169.254.1.1
2022-12-12T16:26:40.7105720+01:00;AD3830770CCDD0AD3830033A;;1;-71;865,7;169.254.1.1
2022-12-12T16:26:40.7119510+01:00;AD3830770CCDD0AD383004A3;;1;-63,5;865,7;169.254.1.1
2022-12-12T16:26:40.7142780+01:00;AD3830770CCDD0AD38300403;;1;-69;865,7;169.254.1.1
2022-12-12T16:26:40.7169410+01:00;AD3830770CCDD0AD383001CE;;1;-66;865,7;169.254.1.1
2022-12-12T16:26:40.7179930+01:00;AD3830770CCDD0AD3830020B;;1;-65;865,7;169.254.1.1
2022-12-12T16:26:40.7190830+01:00;AD3830770CCDD0AD383003E6;;1;-67;865,7;169.254.1.1
2022-12-12T16:26:40.7200840+01:00;AD3830770CCDD0AD3830024F;;1;-65,5;865,7;169.254.1.1
2022-12-12T16:26:40.7215180+01:00;AD3830770CCDD0AD383002D3;;1;-67,5;865,7;169.254.1.1
2022-12-12T16:26:40.7317850+01:00;AD3830770CCDD0AD38300455;;1;-73,5;865,7;169.254.1.1
2022-12-12T16:26:40.7414650+01:00;AD3830770CCDD0AD3830027B;;1;-68;865,7;169.254.1.1
2022-12-12T16:26:40.7577730+01:00;AD3830770CCDD0AD383001D7;;1;-73;865,7;169.254.1.1
2022-12-12T16:26:40.7714030+01:00;AD3830770CCDD0AD3830027F;;2;-71;865,7;169.254.1.1
2022-12-12T16:26:40.7883790+01:00;AD3830770CCDD0AD3830026D;;2;-75,5;865,7;169.254.1.1
2022-12-12T16:26:40.8037980+01:00;AD3830770CCDD0AD383001D7;;2;-73;865,7;169.254.1.1
2022-12-12T16:26:40.8219560+01:00;AD3830770CCDD0AD38300342;;2;-75,5;865,7;169.254.1.1
2022-12-12T16:26:40.8417590+01:00;AD3830770CCDD0AD3830032F;;3;-67,5;865,7;169.254.1.1
2022-12-12T16:26:40.8585050+01:00;AD3830770CCDD0AD3830032E;;3;-75,5;865,7;169.254.1.1
2022-12-12T16:26:40.8697410+01:00;AD3830770CCDD0AD383002E7;;3;-74,5;865,7;169.254.1.1
2022-12-12T16:26:40.8829060+01:00;AD3830770CCDD0AD3830021C;;3;-73;865,7;169.254.1.1
2022-12-12T16:26:40.8984130+01:00;AD3830770CCDD0AD383004A2;;4;-68,5;865,7;169.254.1.1
2022-12-12T16:26:40.9331500+01:00;AD3830770CCDD0AD383004B1;;1;-69,5;865,7;169.254.1.1
2022-12-12T16:26:40.9378600+01:00;AD3830770CCDD0AD38300342;;1;-70,5;865,7;169.254.1.1
2022-12-12T16:26:40.9490760+01:00;AD3830770CCDD0AD38300307;;1;-75,5;865,7;169.254.1.1
2022-12-12T16:26:40.9586730+01:00;AD3830770CCDD0AD383001D6;;1;-72;865,7;169.254.1.1
2022-12-12T16:26:40.9682950+01:00;AD3830770CCDD0AD383001CB;;1;-59;865,7;169.254.1.1
2022-12-12T16:26:40.9820270+01:00;AD3830770CCDD0AD383001CB;;2;-71,5;865,7;169.254.1.1
2022-12-12T16:26:40.9967690+01:00;AD3830770CCDD0AD383002DB;;2;-75,5;865,7;169.254.1.1
2022-12-12T16:26:41.0097700+01:00;AD3830770CCDD0AD383001C4;;2;-77;865,7;169.254.1.1
2022-12-12T16:26:41.0211270+01:00;AD3830770CCDD0AD3830046B;;2;-73,5;865,7;169.254.1.1
2022-12-12T16:26:41.0497400+01:00;AD3830770CCDD0AD38300480;;3;-67;865,7;169.254.1.1
2022-12-12T16:26:41.0594320+01:00;AD3830770CCDD0AD3830021C;;3;-73,5;865,7;169.254.1.1
2022-12-12T16:26:41.0743630+01:00;AD3830770CCDD0AD38300343;;3;-74;865,7;169.254.1.1
2022-12-12T16:26:41.1010340+01:00;AD3830770CCDD0AD383003BB;;4;-75,5;865,7;169.254.1.1
2022-12-12T16:26:41.1380190+01:00;AD3830770CCDD0AD383001DD;;1;-72;865,7;169.254.1.1
2022-12-12T16:26:41.1524780+01:00;AD3830770CCDD0AD3830031B;;1;-75,5;865,7;169.254.1.1
2022-12-12T16:26:41.1731900+01:00;AD3830770CCDD0AD38300301;;1;-73,5;865,7;169.254.1.1
2022-12-12T16:26:41.1830670+01:00;AD3830770CCDD0AD383004A9;;1;-74;865,7;169.254.1.1
2022-12-12T16:26:41.2147680+01:00;AD3830770CCDD0AD383004A9;;2;-76;865,7;169.254.1.1
2022-12-12T16:26:41.2207640+01:00;AD3830770CCDD0AD3830046B;;2;-73;865,7;169.254.1.1
2022-12-12T16:26:41.2552250+01:00;AD3830770CCDD0AD38300343;;3;-73;865,7;169.254.1.1
2022-12-12T16:26:41.2698420+01:00;AD3830770CCDD0AD383002E7;;3;-75;865,7;169.254.1.1
2022-12-12T16:26:41.2956610+01:00;AD3830770CCDD0AD3830021B;;4;-63;865,7;169.254.1.1
2022-12-12T16:26:41.3003960+01:00;AD3830770CCDD0AD3830027D;;4;-62;865,7;169.254.1.1
2022-12-12T16:26:41.3014890+01:00;AD3830770CCDD0AD383001EF;;4;-62,5;865,7;169.254.1.1
2022-12-12T16:26:41.3180950+01:00;AD3830770CCDD0AD38300309;;4;-72;865,7;169.254.1.1
2022-12-12T16:26:41.3610970+01:00;AD3830770CCDD0AD38300324;;1;-70;865,7;169.254.1.1
2022-12-12T16:26:41.3757580+01:00;AD3830770CCDD0AD383001D6;;1;-72;865,7;169.254.1.1
2022-12-12T16:26:41.3891760+01:00;AD3830770CCDD0AD38300455;;1;-72,5;865,7;169.254.1.1
2022-12-12T16:26:41.4027870+01:00;AD3830770CCDD0AD3830027F;;2;-71,5;865,7;169.254.1.1
2022-12-12T16:26:41.4064860+01:00;AD3830770CCDD0AD383004A5;;2;-65;865,7;169.254.1.1
2022-12-12T16:26:41.4187880+01:00;AD3830770CCDD0AD3830029C;;2;-75,5;865,7;169.254.1.1
2022-12-12T16:26:41.4285550+01:00;AD3830770CCDD0AD383001D5;;2;-75;865,7;169.254.1.1
2022-12-12T16:26:41.4430410+01:00;AD3830770CCDD0AD383003B3;;2;-74,5;865,7;169.254.1.1
2022-12-12T16:26:41.4600360+01:00;AD3830770CCDD0AD38300246;;3;-63;865,7;169.254.1.1
2022-12-12T16:26:41.4721310+01:00;AD3830770CCDD0AD38300307;;3;-75,5;865,7;169.254.1.1
2022-12-12T16:26:41.5025020+01:00;AD3830770CCDD0AD38300293;;4;-58;865,7;169.254.1.1
2022-12-12T16:26:41.5210530+01:00;AD3830770CCDD0AD383002CC;;4;-76,5;865,7;169.254.1.1
2022-12-12T16:26:41.5480790+01:00;AD3830770CCDD0AD383001DE;;1;-69;865,7;169.254.1.1
2022-12-12T16:26:41.5552010+01:00;AD3830770CCDD0AD3830041A;;1;-63;865,7;169.254.1.1
2022-12-12T16:26:41.5569170+01:00;AD3830770CCDD0AD383001C8;;1;-61,5;865,7;169.254.1.1
2022-12-12T16:26:41.5682610+01:00;AD3830770CCDD0AD383001C6;;1;-75;865,7;169.254.1.1
2022-12-12T16:26:41.5834150+01:00;AD3830770CCDD0AD383002D8;;1;-74;865,7;169.254.1.1
2022-12-12T16:26:41.5929350+01:00;AD3830770CCDD0AD3830047A;;1;-72,5;865,7;169.254.1.1
2022-12-12T16:26:41.6057530+01:00;AD3830770CCDD0AD383001E7;;2;-71,5;865,7;169.254.1.1
2022-12-12T16:26:41.6068230+01:00;AD3830770CCDD0AD383004A2;;2;-69,5;865,7;169.254.1.1
2022-12-12T16:26:41.6081370+01:00;AD3830770CCDD0AD383001C3;;2;-67;865,7;169.254.1.1
2022-12-12T16:26:41.6109030+01:00;AD3830770CCDD0AD38300466;;2;-64;865,7;169.254.1.1
2022-12-12T16:26:41.6269890+01:00;AD3830770CCDD0AD38300285;;2;-77,5;865,7;169.254.1.1
2022-12-12T16:26:41.6387230+01:00;AD3830770CCDD0AD3830025D;;2;-66;865,7;169.254.1.1
2022-12-12T16:26:41.6740170+01:00;AD3830770CCDD0AD38300482;;3;-52,5;865,7;169.254.1.1
2022-12-12T16:26:41.6750760+01:00;AD3830770CCDD0AD383004AA;;3;-55;865,7;169.254.1.1
2022-12-12T16:26:41.6761570+01:00;AD3830770CCDD0AD3830041F;;3;-55,5;865,7;169.254.1.1
2022-12-12T16:26:41.6777240+01:00;AD3830770CCDD0AD383001F4;;3;-67;865,7;169.254.1.1
2022-12-12T16:26:41.6787740+01:00;AD3830770CCDD0AD383001FC;;3;-51,5;865,7;169.254.1.1
2022-12-12T16:26:41.6805490+01:00;AD3830770CCDD0AD38300220;;3;-54;865,7;169.254.1.1
2022-12-12T16:26:41.6832380+01:00;AD3830770CCDD0AD38300254;;3;-57;865,7;169.254.1.1
2022-12-12T16:26:41.6846370+01:00;AD3830770CCDD0AD3830046A;;3;-61;865,7;169.254.1.1
2022-12-12T16:26:41.6862020+01:00;AD3830770CCDD0AD38300450;;3;-70;865,7;169.254.1.1
2022-12-12T16:26:41.6875100+01:00;AD3830770CCDD0AD383002DC;;3;-55,5;865,7;169.254.1.1
2022-12-12T16:26:41.6885670+01:00;AD3830770CCDD0AD3830021A;;3;-56;865,7;169.254.1.1
2022-12-12T16:26:41.6903300+01:00;AD3830770CCDD0AD383003F6;;3;-57;865,7;169.254.1.1
2022-12-12T16:26:41.6935980+01:00;AD3830770CCDD0AD383003C8;;3;-62,5;865,7;169.254.1.1
2022-12-12T16:26:41.6947900+01:00;AD3830770CCDD0AD383001E0;;3;-63;865,7;169.254.1.1
2022-12-12T16:26:41.7062110+01:00;AD3830770CCDD0AD3830047D;;3;-57,5;865,7;169.254.1.1
2022-12-12T16:26:41.7610150+01:00;AD3830770CCDD0AD383002BE;;4;-55;865,7;169.254.1.1
2022-12-12T16:26:41.7901310+01:00;AD3830770CCDD0AD3830047A;;1;-70,5;865,7;169.254.1.1
2022-12-12T16:26:41.8022940+01:00;AD3830770CCDD0AD383002F1;;1;-78;865,7;169.254.1.1
2022-12-12T16:26:41.8118050+01:00;AD3830770CCDD0AD383001DD;;1;-73,5;865,7;169.254.1.1
2022-12-12T16:26:41.8213990+01:00;AD3830770CCDD0AD38300455;;1;-71,5;865,7;169.254.1.1
2022-12-12T16:26:41.8524840+01:00;AD3830770CCDD0AD383002DB;;2;-74;865,7;169.254.1.1
2022-12-12T16:26:41.8824460+01:00;AD3830770CCDD0AD383003F7;;3;-63,5;865,7;169.254.1.1
2022-12-12T16:26:41.8854410+01:00;AD3830770CCDD0AD383003ED;;3;-66;865,7;169.254.1.1
2022-12-12T16:26:41.8867930+01:00;AD3830770CCDD0AD3830029F;;3;-64,5;865,7;169.254.1.1
2022-12-12T16:26:41.8878750+01:00;AD3830770CCDD0AD383003BC;;3;-56,5;865,7;169.254.1.1
2022-12-12T16:26:41.9049140+01:00;AD3830770CCDD0AD38300343;;3;-74;865,7;169.254.1.1
2022-12-12T16:26:41.9235910+01:00;AD3830770CCDD0AD38300326;;3;-74;865,7;169.254.1.1
2022-12-12T16:26:41.9461900+01:00;AD3830770CCDD0AD3830042A;;4;-59,5;865,7;169.254.1.1
2022-12-12T16:26:41.9489320+01:00;AD3830770CCDD0AD3830044B;;4;-63;865,7;169.254.1.1
2022-12-12T16:26:41.9502700+01:00;AD3830770CCDD0AD38300443;;4;-65,5;865,7;169.254.1.1
2022-12-12T16:26:41.9518560+01:00;AD3830770CCDD0AD38300286;;4;-64;865,7;169.254.1.1
2022-12-12T16:26:41.9535470+01:00;AD3830770CCDD0AD3830049F;;4;-66;865,7;169.254.1.1
2022-12-12T16:26:41.9548670+01:00;AD3830770CCDD0AD383001F1;;4;-67,5;865,7;169.254.1.1
2022-12-12T16:26:41.9584090+01:00;AD3830770CCDD0AD383004B2;;4;-61,5;865,7;169.254.1.1
2022-12-12T16:26:41.9597520+01:00;AD3830770CCDD0AD383003E6;;4;-66;865,7;169.254.1.1
2022-12-12T16:26:41.9705810+01:00;AD3830770CCDD0AD383003E9;;4;-61;865,7;169.254.1.1
2022-12-12T16:26:41.9819090+01:00;AD3830770CCDD0AD38300421;;4;-61,5;865,7;169.254.1.1
2022-12-12T16:26:41.9951960+01:00;AD3830770CCDD0AD383003BB;;4;-75,5;865,7;169.254.1.1
2022-12-12T16:26:42.0081500+01:00;AD3830770CCDD0AD383003B3;;1;-73;865,7;169.254.1.1
2022-12-12T16:26:42.0124740+01:00;AD3830770CCDD0AD383002DA;;1;-68,5;865,7;169.254.1.1
2022-12-12T16:26:42.0152670+01:00;AD3830770CCDD0AD383002B9;;1;-72;865,7;169.254.1.1
2022-12-12T16:26:42.0174480+01:00;AD3830770CCDD0AD38300280;;1;-68,5;865,7;169.254.1.1
2022-12-12T16:26:42.0199720+01:00;AD3830770CCDD0AD38300455;;1;-70,5;865,7;169.254.1.1
2022-12-12T16:26:42.0344930+01:00;AD3830770CCDD0AD3830043F;;1;-75,5;865,7;169.254.1.1
2022-12-12T16:26:42.0440180+01:00;AD3830770CCDD0AD383003E3;;1;-71,5;865,7;169.254.1.1
2022-12-12T16:26:42.0535970+01:00;AD3830770CCDD0AD38300475;;1;-75;865,7;169.254.1.1
2022-12-12T16:26:42.0789060+01:00;AD3830770CCDD0AD3830040B;;2;-69,5;865,7;169.254.1.1
2022-12-12T16:26:42.0913870+01:00;AD3830770CCDD0AD383002FC;;2;-73;865,7;169.254.1.1
2022-12-12T16:26:42.1043340+01:00;AD3830770CCDD0AD383001C4;;2;-77,5;865,7;169.254.1.1
2022-12-12T16:26:42.1140630+01:00;AD3830770CCDD0AD3830021D;;2;-71,5;865,7;169.254.1.1
2022-12-12T16:26:42.1260550+01:00;AD3830770CCDD0AD383001C9;;3;-59,5;865,7;169.254.1.1
2022-12-12T16:26:42.1271670+01:00;AD3830770CCDD0AD38300214;;3;-57,5;865,7;169.254.1.1
2022-12-12T16:26:42.1282590+01:00;AD3830770CCDD0AD3830041E;;3;-59,5;865,7;169.254.1.1
2022-12-12T16:26:42.1298340+01:00;AD3830770CCDD0AD3830032F;;3;-66,5;865,7;169.254.1.1
2022-12-12T16:26:42.1309350+01:00;AD3830770CCDD0AD383001F5;;3;-63,5;865,7;169.254.1.1
2022-12-12T16:26:42.1334140+01:00;AD3830770CCDD0AD38300202;;3;-60,5;865,7;169.254.1.1
2022-12-12T16:26:42.1344830+01:00;AD3830770CCDD0AD383003FB;;3;-63;865,7;169.254.1.1
2022-12-12T16:26:42.1355470+01:00;AD3830770CCDD0AD3830020E;;3;-63,5;865,7;169.254.1.1
2022-12-12T16:26:42.1366300+01:00;AD3830770CCDD0AD38300435;;3;-62;865,7;169.254.1.1
2022-12-12T16:26:42.1377240+01:00;AD3830770CCDD0AD383001CE;;3;-72;865,7;169.254.1.1
2022-12-12T16:26:42.1388020+01:00;AD3830770CCDD0AD38300475;;3;-68,5;865,7;169.254.1.1
2022-12-12T16:26:42.1412510+01:00;AD3830770CCDD0AD38300494;;3;-67;865,7;169.254.1.1
2022-12-12T16:26:42.1428440+01:00;AD3830770CCDD0AD383003F7;;3;-66;865,7;169.254.1.1
2022-12-12T16:26:42.1441610+01:00;AD3830770CCDD0AD38300476;;3;-63;865,7;169.254.1.1
2022-12-12T16:26:42.1454880+01:00;AD3830770CCDD0AD38300206;;3;-65;865,7;169.254.1.1
2022-12-12T16:26:42.1465810+01:00;AD3830770CCDD0AD383001E3;;3;-64,5;865,7;169.254.1.1
2022-12-12T16:26:42.1476480+01:00;AD3830770CCDD0AD3830044D;;3;-66;865,7;169.254.1.1
2022-12-12T16:26:42.1494650+01:00;AD3830770CCDD0AD383002C0;;3;-68;865,7;169.254.1.1
2022-12-12T16:26:42.1505680+01:00;AD3830770CCDD0AD383003D6;;3;-65,5;865,7;169.254.1.1
2022-12-12T16:26:42.1534700+01:00;AD3830770CCDD0AD38300403;;3;-70;865,7;169.254.1.1
2022-12-12T16:26:42.1551870+01:00;AD3830770CCDD0AD38300275;;3;-60;865,7;169.254.1.1
2022-12-12T16:26:42.1595020+01:00;AD3830770CCDD0AD38300438;;3;-71,5;865,7;169.254.1.1
2022-12-12T16:26:42.1616570+01:00;AD3830770CCDD0AD38300473;;3;-71;865,7;169.254.1.1
2022-12-12T16:26:42.1648850+01:00;AD3830770CCDD0AD38300290;;3;-67;865,7;169.254.1.1
2022-12-12T16:26:42.1659090+01:00;AD3830770CCDD0AD3830021D;;3;-63;865,7;169.254.1.1
2022-12-12T16:26:42.1854380+01:00;AD3830770CCDD0AD383003EB;;3;-73,5;865,7;169.254.1.1
2022-12-12T16:26:42.1951770+01:00;AD3830770CCDD0AD3830041B;;3;-70;865,7;169.254.1.1
2022-12-12T16:26:42.2047510+01:00;AD3830770CCDD0AD38300399;;3;-76,5;865,7;169.254.1.1
2022-12-12T16:26:42.2234780+01:00;AD3830770CCDD0AD383004AF;;4;-65;865,7;169.254.1.1
2022-12-12T16:26:42.2246570+01:00;AD3830770CCDD0AD3830042E;;4;-67;865,7;169.254.1.1
2022-12-12T16:26:42.2278740+01:00;AD3830770CCDD0AD38300205;;4;-70,5;865,7;169.254.1.1
2022-12-12T16:26:42.2431440+01:00;AD3830770CCDD0AD38300284;;4;-73;865,7;169.254.1.1
2022-12-12T16:26:42.2562500+01:00;AD3830770CCDD0AD383004B3;;4;-72,5;865,7;169.254.1.1
2022-12-12T16:26:42.2707890+01:00;AD3830770CCDD0AD383001FA;;4;-74;865,7;169.254.1.1
2022-12-12T16:26:42.2896400+01:00;AD3830770CCDD0AD383001DD;;1;-72;865,7;169.254.1.1
2022-12-12T16:26:42.3019120+01:00;AD3830770CCDD0AD3830031B;;1;-75,5;865,7;169.254.1.1
2022-12-12T16:26:42.3102540+01:00;AD3830770CCDD0AD38300399;;1;-73;865,7;169.254.1.1
2022-12-12T16:26:42.3270370+01:00;AD3830770CCDD0AD38300455;;1;-72;865,7;169.254.1.1
2022-12-12T16:26:42.3615510+01:00;AD3830770CCDD0AD38300437;;2;-76;865,7;169.254.1.1
2022-12-12T16:26:42.3830960+01:00;AD3830770CCDD0AD383002DB;;2;-73,5;865,7;169.254.1.1
2022-12-12T16:26:42.4072280+01:00;AD3830770CCDD0AD3830030D;;3;-64,5;865,7;169.254.1.1
2022-12-12T16:26:42.4088010+01:00;AD3830770CCDD0AD383003BC;;3;-61;865,7;169.254.1.1
2022-12-12T16:26:42.4134460+01:00;AD3830770CCDD0AD3830041B;;3;-65;865,7;169.254.1.1
2022-12-12T16:26:42.4185320+01:00;AD3830770CCDD0AD383004A3;;3;-66;865,7;169.254.1.1
2022-12-12T16:26:42.4267640+01:00;AD3830770CCDD0AD38300424;;3;-71;865,7;169.254.1.1
2022-12-12T16:26:42.4455870+01:00;AD3830770CCDD0AD3830024F;;3;-72,5;865,7;169.254.1.1
2022-12-12T16:26:42.4590300+01:00;AD3830770CCDD0AD38300496;;3;-74,5;865,7;169.254.1.1
2022-12-12T16:26:42.4688480+01:00;AD3830770CCDD0AD383004AA;;3;-68,5;865,7;169.254.1.1
2022-12-12T16:26:42.5042170+01:00;AD3830770CCDD0AD38300280;;4;-72,5;865,7;169.254.1.1
2022-12-12T16:26:42.5136310+01:00;AD3830770CCDD0AD38300462;;4;-74,5;865,7;169.254.1.1
2022-12-12T16:26:42.5251350+01:00;AD3830770CCDD0AD383004B3;;4;-72;865,7;169.254.1.1
2022-12-12T16:26:42.5390670+01:00;AD3830770CCDD0AD3830033A;;1;-70,5;865,7;169.254.1.1
2022-12-12T16:26:42.5410050+01:00;AD3830770CCDD0AD3830027B;;1;-67,5;865,7;169.254.1.1
2022-12-12T16:26:42.5480350+01:00;AD3830770CCDD0AD38300455;;1;-71;865,7;169.254.1.1
2022-12-12T16:26:42.5490490+01:00;AD3830770CCDD0AD38300342;;1;-71,5;865,7;169.254.1.1
2022-12-12T16:26:42.5563940+01:00;AD3830770CCDD0AD383001D6;;1;-73,5;865,7;169.254.1.1
2022-12-12T16:26:42.5652390+01:00;AD3830770CCDD0AD38300473;;1;-74;865,7;169.254.1.1
2022-12-12T16:26:42.6100660+01:00;AD3830770CCDD0AD3830026D;;2;-77;865,7;169.254.1.1
2022-12-12T16:26:42.6265000+01:00;AD3830770CCDD0AD383002AA;;2;-74,5;865,7;169.254.1.1
2022-12-12T16:26:42.6362760+01:00;AD3830770CCDD0AD383001D5;;2;-76;865,7;169.254.1.1
2022-12-12T16:26:42.6499520+01:00;AD3830770CCDD0AD383003F7;;3;-68,5;865,7;169.254.1.1
2022-12-12T16:26:42.6510410+01:00;AD3830770CCDD0AD38300284;;3;-71;865,7;169.254.1.1
2022-12-12T16:26:42.6559270+01:00;AD3830770CCDD0AD3830027D;;3;-65;865,7;169.254.1.1
2022-12-12T16:26:42.6620920+01:00;AD3830770CCDD0AD383001DE;;3;-71,5;865,7;169.254.1.1
2022-12-12T16:26:42.6656220+01:00;AD3830770CCDD0AD38300494;;3;-71;865,7;169.254.1.1
2022-12-12T16:26:42.6681810+01:00;AD3830770CCDD0AD383001FA;;3;-70;865,7;169.254.1.1
2022-12-12T16:26:42.6958760+01:00;AD3830770CCDD0AD38300403;;3;-72,5;865,7;169.254.1.1
2022-12-12T16:26:42.7055960+01:00;AD3830770CCDD0AD3830041B;;3;-74,5;865,7;169.254.1.1
2022-12-12T16:26:42.7152780+01:00;AD3830770CCDD0AD38300202;;3;-72;865,7;169.254.1.1
2022-12-12T16:26:42.7439430+01:00;AD3830770CCDD0AD38300372;;4;-75,5;865,7;169.254.1.1
2022-12-12T16:26:42.7538410+01:00;AD3830770CCDD0AD3830021B;;4;-70,5;865,7;169.254.1.1
2022-12-12T16:26:42.7669850+01:00;AD3830770CCDD0AD383003BB;;4;-74;865,7;169.254.1.1
2022-12-12T16:26:42.7972960+01:00;AD3830770CCDD0AD383001D7;;1;-72,5;865,7;169.254.1.1
2022-12-12T16:26:42.8064970+01:00;AD3830770CCDD0AD383001E7;;1;-76,5;865,7;169.254.1.1
2022-12-12T16:26:42.8411400+01:00;AD3830770CCDD0AD383001D5;;2;-76;865,7;169.254.1.1
2022-12-12T16:26:42.8508640+01:00;AD3830770CCDD0AD38300285;;2;-76,5;865,7;169.254.1.1
2022-12-12T16:26:42.8883340+01:00;AD3830770CCDD0AD383001DE;;3;-68;865,7;169.254.1.1
2022-12-12T16:26:42.8990350+01:00;AD3830770CCDD0AD383003ED;;3;-71;865,7;169.254.1.1
2022-12-12T16:26:42.9024250+01:00;AD3830770CCDD0AD383004A3;;3;-68,5;865,7;169.254.1.1
2022-12-12T16:26:42.9184210+01:00;AD3830770CCDD0AD383004A9;;3;-73;865,7;169.254.1.1
2022-12-12T16:26:42.9320250+01:00;AD3830770CCDD0AD383001EF;;3;-71,5;865,7;169.254.1.1
2022-12-12T16:26:42.9487500+01:00;AD3830770CCDD0AD38300482;;3;-71,5;865,7;169.254.1.1
2022-12-12T16:26:42.9755530+01:00;AD3830770CCDD0AD3830043F;;4;-71,5;865,7;169.254.1.1
2022-12-12T16:26:42.9850890+01:00;AD3830770CCDD0AD383001CE;;4;-75;865,7;169.254.1.1
2022-12-12T16:26:42.9948170+01:00;AD3830770CCDD0AD383002FC;;4;-75,5;865,7;169.254.1.1
2022-12-12T16:26:43.0072420+01:00;AD3830770CCDD0AD38300324;;1;-70,5;865,7;169.254.1.1
2022-12-12T16:26:43.0477690+01:00;AD3830770CCDD0AD3830027F;;2;-71;865,7;169.254.1.1
2022-12-12T16:26:43.0867330+01:00;AD3830770CCDD0AD383002B9;;3;-70;865,7;169.254.1.1
2022-12-12T16:26:43.0949130+01:00;AD3830770CCDD0AD383004A5;;3;-72,5;865,7;169.254.1.1
2022-12-12T16:26:43.0959990+01:00;AD3830770CCDD0AD38300309;;3;-68;865,7;169.254.1.1
2022-12-12T16:26:43.1003560+01:00;AD3830770CCDD0AD3830044B;;3;-72,5;865,7;169.254.1.1
2022-12-12T16:26:43.1306910+01:00;AD3830770CCDD0AD3830021D;;3;-74;865,7;169.254.1.1
2022-12-12T16:26:43.1401890+01:00;AD3830770CCDD0AD383004A3;;3;-73,5;865,7;169.254.1.1
2022-12-12T16:26:43.1533700+01:00;AD3830770CCDD0AD383001EE;;3;-75;865,7;169.254.1.1
2022-12-12T16:26:43.1819460+01:00;AD3830770CCDD0AD383003BB;;4;-75;865,7;169.254.1.1
2022-12-12T16:26:43.1932070+01:00;AD3830770CCDD0AD3830049F;;4;-75;865,7;169.254.1.1
2022-12-12T16:26:43.2421150+01:00;AD3830770CCDD0AD38300301;;1;-72,5;865,7;169.254.1.1
2022-12-12T16:26:43.2567880+01:00;AD3830770CCDD0AD38300307;;1;-77;865,7;169.254.1.1
2022-12-12T16:26:43.2726440+01:00;AD3830770CCDD0AD38300473;;1;-75,5;865,7;169.254.1.1
2022-12-12T16:26:43.3250230+01:00;AD3830770CCDD0AD3830040B;;3;-71;865,7;169.254.1.1
2022-12-12T16:26:43.3276680+01:00;AD3830770CCDD0AD383003D6;;3;-71;865,7;169.254.1.1
2022-12-12T16:26:43.3295870+01:00;AD3830770CCDD0AD38300466;;3;-71;865,7;169.254.1.1
2022-12-12T16:26:43.3445000+01:00;AD3830770CCDD0AD38300284;;3;-74,5;865,7;169.254.1.1
2022-12-12T16:26:43.3545520+01:00;AD3830770CCDD0AD3830025D;;3;-71,5;865,7;169.254.1.1
2022-12-12T16:26:43.3754460+01:00;AD3830770CCDD0AD3830047D;;3;-73,5;865,7;169.254.1.1
2022-12-12T16:26:43.4144550+01:00;AD3830770CCDD0AD3830041A;;4;-77;865,7;169.254.1.1
2022-12-12T16:26:43.4338820+01:00;AD3830770CCDD0AD3830047A;;1;-72;865,7;169.254.1.1
2022-12-12T16:26:43.4634820+01:00;AD3830770CCDD0AD383002D8;;1;-72,5;865,7;169.254.1.1
2022-12-12T16:26:43.4693020+01:00;AD3830770CCDD0AD383001C6;;1;-76;865,7;169.254.1.1
2022-12-12T16:26:43.5098010+01:00;AD3830770CCDD0AD3830046B;;2;-76;865,7;169.254.1.1
2022-12-12T16:26:43.5210840+01:00;AD3830770CCDD0AD38300220;;2;-76,5;865,7;169.254.1.1
2022-12-12T16:26:43.5479310+01:00;AD3830770CCDD0AD3830032F;;3;-71;865,7;169.254.1.1
2022-12-12T16:26:43.5756310+01:00;AD3830770CCDD0AD38300343;;3;-72;865,7;169.254.1.1
2022-12-12T16:26:43.5909970+01:00;AD3830770CCDD0AD3830021C;;3;-73,5;865,7;169.254.1.1
2022-12-12T16:26:43.6038870+01:00;AD3830770CCDD0AD38300443;;3;-72,5;865,7;169.254.1.1
2022-12-12T16:26:43.6368260+01:00;AD3830770CCDD0AD383001CE;;4;-76,5;865,7;169.254.1.1
2022-12-12T16:26:43.6482240+01:00;AD3830770CCDD0AD3830028A;;4;-76;865,7;169.254.1.1
2022-12-12T16:26:43.6682980+01:00;AD3830770CCDD0AD3830044B;;4;-76,5;865,7;169.254.1.1
2022-12-12T16:26:43.7039410+01:00;AD3830770CCDD0AD38300326;;1;-71,5;865,7;169.254.1.1
2022-12-12T16:26:43.7297990+01:00;AD3830770CCDD0AD3830027F;;2;-70,5;865,7;169.254.1.1
2022-12-12T16:26:43.7449550+01:00;AD3830770CCDD0AD383002DB;;2;-74;865,7;169.254.1.1
2022-12-12T16:26:43.7613680+01:00;AD3830770CCDD0AD383003B3;;2;-72;865,7;169.254.1.1
2022-12-12T16:26:43.7954270+01:00;AD3830770CCDD0AD38300280;;3;-67;865,7;169.254.1.1
2022-12-12T16:26:43.8083700+01:00;AD3830770CCDD0AD3830044B;;3;-74,5;865,7;169.254.1.1
2022-12-12T16:26:43.8179100+01:00;AD3830770CCDD0AD38300473;;3;-76;865,7;169.254.1.1
2022-12-12T16:26:43.8387240+01:00;AD3830770CCDD0AD383002DC;;3;-76,5;865,7;169.254.1.1
2022-12-12T16:26:43.8713500+01:00;AD3830770CCDD0AD383002BE;;4;-75;865,7;169.254.1.1
2022-12-12T16:26:43.8960860+01:00;AD3830770CCDD0AD383002DA;;1;-69;865,7;169.254.1.1
2022-12-12T16:26:43.8974640+01:00;AD3830770CCDD0AD383001DD;;1;-73,5;865,7;169.254.1.1
2022-12-12T16:26:43.9204270+01:00;AD3830770CCDD0AD383002F1;;1;-78,5;865,7;169.254.1.1
2022-12-12T16:26:43.9949410+01:00;AD3830770CCDD0AD38300437;;3;-74,5;865,7;169.254.1.1
2022-12-12T16:26:44.0506060+01:00;AD3830770CCDD0AD38300214;;4;-71,5;865,7;169.254.1.1
2022-12-12T16:26:44.0606280+01:00;AD3830770CCDD0AD383001BF;;4;-75,5;865,7;169.254.1.1
2022-12-12T16:26:44.1095020+01:00;AD3830770CCDD0AD38300399;;1;-73,5;865,7;169.254.1.1
2022-12-12T16:26:44.2621320+01:00;AD3830770CCDD0AD38300342;;2;-72,5;865,7;169.254.1.1
2022-12-12T16:26:44.2735670+01:00;AD3830770CCDD0AD383003F7;;2;-76,5;865,7;169.254.1.1
2022-12-12T16:26:44.2974180+01:00;AD3830770CCDD0AD383004A9;;3;-70;865,7;169.254.1.1
2022-12-12T16:26:44.3202390+01:00;AD3830770CCDD0AD383002E7;;3;-71;865,7;169.254.1.1
2022-12-12T16:26:44.3748850+01:00;AD3830770CCDD0AD38300482;;4;-76;865,7;169.254.1.1
2022-12-12T16:26:44.3863030+01:00;AD3830770CCDD0AD38300462;;4;-74,5;865,7;169.254.1.1
2022-12-12T16:26:44.4071580+01:00;AD3830770CCDD0AD3830027B;;1;-67,5;865,7;169.254.1.1
2022-12-12T16:26:44.4102620+01:00;AD3830770CCDD0AD3830033A;;1;-70,5;865,7;169.254.1.1
2022-12-12T16:26:44.4241510+01:00;AD3830770CCDD0AD383001D6;;1;-73,5;865,7;169.254.1.1
2022-12-12T16:26:44.4320850+01:00;AD3830770CCDD0AD3830031B;;1;-75,5;865,7;169.254.1.1
2022-12-12T16:26:44.4656340+01:00;AD3830770CCDD0AD383002AA;;2;-74,5;865,7;169.254.1.1
2022-12-12T16:26:44.4769580+01:00;AD3830770CCDD0AD383001E7;;2;-72;865,7;169.254.1.1
2022-12-12T16:26:44.5003490+01:00;AD3830770CCDD0AD38300285;;2;-77,5;865,7;169.254.1.1
2022-12-12T16:26:44.5378530+01:00;AD3830770CCDD0AD383003F7;;3;-75,5;865,7;169.254.1.1
2022-12-12T16:26:44.5474100+01:00;AD3830770CCDD0AD383001CE;;3;-75,5;865,7;169.254.1.1
2022-12-12T16:26:44.5828100+01:00;AD3830770CCDD0AD38300372;;4;-76,5;865,7;169.254.1.1
2022-12-12T16:26:44.5943060+01:00;AD3830770CCDD0AD383001C3;;4;-75;865,7;169.254.1.1
2022-12-12T16:26:44.6542930+01:00;AD3830770CCDD0AD38300324;;1;-71;865,7;169.254.1.1
2022-12-12T16:26:44.6865970+01:00;AD3830770CCDD0AD383001D5;;2;-76,5;865,7;169.254.1.1
2022-12-12T16:26:44.6997620+01:00;AD3830770CCDD0AD38300285;;2;-77;865,7;169.254.1.1
2022-12-12T16:26:44.7142960+01:00;AD3830770CCDD0AD3830026D;;2;-76,5;865,7;169.254.1.1
2022-12-12T16:26:44.7542190+01:00;AD3830770CCDD0AD38300326;;3;-72,5;865,7;169.254.1.1
2022-12-12T16:26:44.7933460+01:00;AD3830770CCDD0AD38300450;;4;-76;865,7;169.254.1.1
2022-12-12T16:26:44.8064200+01:00;AD3830770CCDD0AD38300309;;4;-72,5;865,7;169.254.1.1
2022-12-12T16:26:44.8500210+01:00;AD3830770CCDD0AD38300455;;1;-72,5;865,7;169.254.1.1
2022-12-12T16:26:44.9279060+01:00;AD3830770CCDD0AD3830049F;;3;-74;865,7;169.254.1.1
2022-12-12T16:26:44.9413290+01:00;AD3830770CCDD0AD3830025D;;3;-73,5;865,7;169.254.1.1
2022-12-12T16:26:44.9526810+01:00;AD3830770CCDD0AD3830027D;;3;-74,5;865,7;169.254.1.1
2022-12-12T16:26:44.9850400+01:00;AD3830770CCDD0AD38300206;;4;-76;865,7;169.254.1.1
2022-12-12T16:26:45.0003620+01:00;AD3830770CCDD0AD3830028A;;4;-75,5;865,7;169.254.1.1
2022-12-12T16:26:45.0219040+01:00;AD3830770CCDD0AD383001DD;;1;-72,5;865,7;169.254.1.1
2022-12-12T16:26:45.0391510+01:00;AD3830770CCDD0AD383001E7;;1;-76,5;865,7;169.254.1.1
2022-12-12T16:26:45.0880560+01:00;AD3830770CCDD0AD3830046B;;2;-76;865,7;169.254.1.1
2022-12-12T16:26:45.1046260+01:00;AD3830770CCDD0AD3830027F;;2;-71;865,7;169.254.1.1
2022-12-12T16:26:45.1147200+01:00;AD3830770CCDD0AD383002DB;;2;-74;865,7;169.254.1.1
2022-12-12T16:26:45.1574930+01:00;AD3830770CCDD0AD3830027D;;3;-74,5;865,7;169.254.1.1
2022-12-12T16:26:45.2040420+01:00;AD3830770CCDD0AD383003BB;;4;-74;865,7;169.254.1.1
2022-12-12T16:26:45.2169500+01:00;AD3830770CCDD0AD383002FC;;4;-76;865,7;169.254.1.1
2022-12-12T16:26:45.2266120+01:00;AD3830770CCDD0AD383003A9;;4;-76,5;865,7;169.254.1.1
2022-12-12T16:26:45.2396740+01:00;AD3830770CCDD0AD383002D8;;1;-71,5;865,7;169.254.1.1
2022-12-12T16:26:45.2428020+01:00;AD3830770CCDD0AD38300455;;1;-71,5;865,7;169.254.1.1
2022-12-12T16:26:45.2449590+01:00;AD3830770CCDD0AD383003B3;;1;-70,5;865,7;169.254.1.1
2022-12-12T16:26:45.2475780+01:00;AD3830770CCDD0AD3830047A;;1;-71;865,7;169.254.1.1
2022-12-12T16:26:45.2601960+01:00;AD3830770CCDD0AD383001D7;;1;-72,5;865,7;169.254.1.1
2022-12-12T16:26:45.2659950+01:00;AD3830770CCDD0AD38300455;;1;-72;865,7;169.254.1.1
2022-12-12T16:26:45.2758610+01:00;AD3830770CCDD0AD38300301;;1;-73;865,7;169.254.1.1
2022-12-12T16:26:45.2922980+01:00;AD3830770CCDD0AD383001E7;;2;-71;865,7;169.254.1.1
2022-12-12T16:26:45.3115990+01:00;AD3830770CCDD0AD383002DB;;2;-74;865,7;169.254.1.1
2022-12-12T16:26:45.3597220+01:00;AD3830770CCDD0AD38300343;;3;-74;865,7;169.254.1.1
2022-12-12T16:26:45.3976580+01:00;AD3830770CCDD0AD383003D6;;4;-72;865,7;169.254.1.1
2022-12-12T16:26:45.4072630+01:00;AD3830770CCDD0AD38300443;;4;-76;865,7;169.254.1.1
2022-12-12T16:26:45.4206950+01:00;AD3830770CCDD0AD383004B3;;4;-76,5;865,7;169.254.1.1
2022-12-12T16:26:45.4357940+01:00;AD3830770CCDD0AD383002DA;;1;-68,5;865,7;169.254.1.1
2022-12-12T16:26:45.4480800+01:00;AD3830770CCDD0AD38300301;;1;-73;865,7;169.254.1.1
2022-12-12T16:26:45.4574630+01:00;AD3830770CCDD0AD38300307;;1;-75,5;865,7;169.254.1.1
2022-12-12T16:26:45.5751870+01:00;AD3830770CCDD0AD3830025D;;4;-75;865,7;169.254.1.1
2022-12-12T16:26:45.5882780+01:00;AD3830770CCDD0AD3830044B;;4;-75,5;865,7;169.254.1.1
2022-12-12T16:26:45.6300520+01:00;AD3830770CCDD0AD383001E7;;1;-75,5;865,7;169.254.1.1
2022-12-12T16:26:45.6729170+01:00;AD3830770CCDD0AD3830026D;;2;-76,5;865,7;169.254.1.1
2022-12-12T16:26:45.7121590+01:00;AD3830770CCDD0AD3830041A;;3;-72,5;865,7;169.254.1.1
2022-12-12T16:26:45.7234490+01:00;AD3830770CCDD0AD383001CE;;3;-75,5;865,7;169.254.1.1
2022-12-12T16:26:45.7331700+01:00;AD3830770CCDD0AD3830021C;;3;-74;865,7;169.254.1.1
2022-12-12T16:26:45.7657120+01:00;AD3830770CCDD0AD383002BE;;4;-74,5;865,7;169.254.1.1
2022-12-12T16:26:45.8091260+01:00;AD3830770CCDD0AD38300399;;1;-73;865,7;169.254.1.1
2022-12-12T16:26:45.8523300+01:00;AD3830770CCDD0AD383002AA;;2;-74;865,7;169.254.1.1
2022-12-12T16:26:45.8897650+01:00;AD3830770CCDD0AD3830025D;;3;-74;865,7;169.254.1.1
2022-12-12T16:26:45.9045280+01:00;AD3830770CCDD0AD383004B3;;3;-76;865,7;169.254.1.1
2022-12-12T16:26:45.9159180+01:00;AD3830770CCDD0AD3830021C;;3;-74,5;865,7;169.254.1.1
2022-12-12T16:26:45.9430660+01:00;AD3830770CCDD0AD38300437;;4;-77;865,7;169.254.1.1
2022-12-12T16:26:45.9559360+01:00;AD3830770CCDD0AD383002E7;;4;-75,5;865,7;169.254.1.1
2022-12-12T16:26:45.9695180+01:00;AD3830770CCDD0AD38300214;;4;-74;865,7;169.254.1.1
2022-12-12T16:26:45.9940180+01:00;AD3830770CCDD0AD38300342;;1;-71;865,7;169.254.1.1
2022-12-12T16:26:46.0611870+01:00;AD3830770CCDD0AD38300285;;2;-77;865,7;169.254.1.1
2022-12-12T16:26:46.1010130+01:00;AD3830770CCDD0AD383004A9;;3;-74;865,7;169.254.1.1
2022-12-12T16:26:46.1110510+01:00;AD3830770CCDD0AD38300214;;3;-74,5;865,7;169.254.1.1
2022-12-12T16:26:46.1241940+01:00;AD3830770CCDD0AD38300280;;3;-76,5;865,7;169.254.1.1
2022-12-12T16:26:46.1619700+01:00;AD3830770CCDD0AD38300482;;4;-72;865,7;169.254.1.1
2022-12-12T16:26:46.2015660+01:00;AD3830770CCDD0AD383001D6;;1;-73,5;865,7;169.254.1.1
2022-12-12T16:26:46.2164090+01:00;AD3830770CCDD0AD383001E7;;1;-77;865,7;169.254.1.1
2022-12-12T16:26:46.2537570+01:00;AD3830770CCDD0AD383001D5;;2;-76;865,7;169.254.1.1
2022-12-12T16:26:46.2635060+01:00;AD3830770CCDD0AD38300285;;2;-76,5;865,7;169.254.1.1
2022-12-12T16:26:46.3207630+01:00;AD3830770CCDD0AD3830027D;;3;-74,5;865,7;169.254.1.1
2022-12-12T16:26:46.3371180+01:00;AD3830770CCDD0AD383001CE;;3;-73;865,7;169.254.1.1
2022-12-12T16:26:46.3977230+01:00;AD3830770CCDD0AD38300450;;4;-74,5;865,7;169.254.1.1
2022-12-12T16:26:46.4106550+01:00;AD3830770CCDD0AD38300462;;4;-73,5;865,7;169.254.1.1
2022-12-12T16:26:46.4245340+01:00;AD3830770CCDD0AD38300437;;4;-73;865,7;169.254.1.1
2022-12-12T16:26:46.4370850+01:00;AD3830770CCDD0AD3830027B;;1;-68;865,7;169.254.1.1
2022-12-12T16:26:46.4416960+01:00;AD3830770CCDD0AD3830033A;;1;-71;865,7;169.254.1.1
2022-12-12T16:26:46.4430030+01:00;AD3830770CCDD0AD38300324;;1;-70,5;865,7;169.254.1.1
2022-12-12T16:26:46.4442900+01:00;AD3830770CCDD0AD383003B3;;1;-70,5;865,7;169.254.1.1
2022-12-12T16:26:46.4640740+01:00;AD3830770CCDD0AD383001CA;;1;-75,5;865,7;169.254.1.1
2022-12-12T16:26:46.5106520+01:00;AD3830770CCDD0AD3830027F;;2;-72,5;865,7;169.254.1.1
2022-12-12T16:26:46.5204250+01:00;AD3830770CCDD0AD383002AA;;2;-74;865,7;169.254.1.1
2022-12-12T16:26:46.5352610+01:00;AD3830770CCDD0AD383001EF;;2;-75,5;865,7;169.254.1.1
2022-12-12T16:26:46.5504300+01:00;AD3830770CCDD0AD38300309;;3;-69,5;865,7;169.254.1.1
2022-12-12T16:26:46.5773310+01:00;AD3830770CCDD0AD38300473;;3;-73,5;865,7;169.254.1.1
2022-12-12T16:26:46.5885510+01:00;AD3830770CCDD0AD3830049F;;3;-73,5;865,7;169.254.1.1
2022-12-12T16:26:46.5999500+01:00;AD3830770CCDD0AD3830021C;;3;-74,5;865,7;169.254.1.1
2022-12-12T16:26:46.6456570+01:00;AD3830770CCDD0AD38300280;;4;-75;865,7;169.254.1.1
2022-12-12T16:26:46.6585370+01:00;AD3830770CCDD0AD383001DD;;1;-73;865,7;169.254.1.1
2022-12-12T16:26:46.6609220+01:00;AD3830770CCDD0AD383002DA;;1;-67,5;865,7;169.254.1.1
2022-12-12T16:26:46.6636020+01:00;AD3830770CCDD0AD38300326;;1;-70,5;865,7;169.254.1.1
2022-12-12T16:26:46.6796210+01:00;AD3830770CCDD0AD38300326;;1;-70,5;865,7;169.254.1.1
2022-12-12T16:26:46.6926820+01:00;AD3830770CCDD0AD38300455;;1;-73;865,7;169.254.1.1
2022-12-12T16:26:46.7041250+01:00;AD3830770CCDD0AD383001E7;;1;-75,5;865,7;169.254.1.1
2022-12-12T16:26:46.7445130+01:00;AD3830770CCDD0AD383001E7;;2;-72,5;865,7;169.254.1.1
2022-12-12T16:26:46.7541470+01:00;AD3830770CCDD0AD3830046B;;2;-74,5;865,7;169.254.1.1
2022-12-12T16:26:46.8038990+01:00;AD3830770CCDD0AD3830021C;;3;-73,5;865,7;169.254.1.1
2022-12-12T16:26:46.8168910+01:00;AD3830770CCDD0AD383003F7;;3;-73;865,7;169.254.1.1
2022-12-12T16:26:46.8264500+01:00;AD3830770CCDD0AD383004B2;;3;-73;865,7;169.254.1.1
2022-12-12T16:26:46.8622540+01:00;AD3830770CCDD0AD38300280;;4;-75,5;865,7;169.254.1.1
2022-12-12T16:26:46.8754780+01:00;AD3830770CCDD0AD38300437;;4;-73;865,7;169.254.1.1
2022-12-12T16:26:46.8868980+01:00;AD3830770CCDD0AD383002FC;;4;-74;865,7;169.254.1.1
2022-12-12T16:26:46.9215620+01:00;AD3830770CCDD0AD3830047A;;1;-73;865,7;169.254.1.1
2022-12-12T16:26:46.9345600+01:00;AD3830770CCDD0AD383002F1;;1;-75,5;865,7;169.254.1.1
2022-12-12T16:26:46.9441480+01:00;AD3830770CCDD0AD38300307;;1;-76;865,7;169.254.1.1
2022-12-12T16:26:46.9859070+01:00;AD3830770CCDD0AD383002DB;;2;-74;865,7;169.254.1.1
2022-12-12T16:26:47.0356490+01:00;AD3830770CCDD0AD383002FC;;3;-75;865,7;169.254.1.1
2022-12-12T16:26:47.0453070+01:00;AD3830770CCDD0AD383004B2;;3;-72,5;865,7;169.254.1.1
2022-12-12T16:26:47.0565860+01:00;AD3830770CCDD0AD3830028A;;3;-75;865,7;169.254.1.1
2022-12-12T16:26:47.0927550+01:00;AD3830770CCDD0AD383003BB;;4;-75;865,7;169.254.1.1
2022-12-12T16:26:47.1042020+01:00;AD3830770CCDD0AD383001C3;;4;-74,5;865,7;169.254.1.1
2022-12-12T16:26:47.1172630+01:00;AD3830770CCDD0AD3830044B;;4;-72,5;865,7;169.254.1.1
2022-12-12T16:26:47.1335330+01:00;AD3830770CCDD0AD383002D8;;1;-71;865,7;169.254.1.1
2022-12-12T16:26:47.1512580+01:00;AD3830770CCDD0AD3830028A;;1;-76;865,7;169.254.1.1
2022-12-12T16:26:47.1643910+01:00;AD3830770CCDD0AD3830031B;;1;-76;865,7;169.254.1.1
2022-12-12T16:26:47.1738830+01:00;AD3830770CCDD0AD383003B7;;1;-76,5;865,7;169.254.1.1
2022-12-12T16:26:47.2062870+01:00;AD3830770CCDD0AD3830026D;;2;-76,5;865,7;169.254.1.1
2022-12-12T16:26:47.2494660+01:00;AD3830770CCDD0AD383002E7;;3;-74;865,7;169.254.1.1
2022-12-12T16:26:47.2591770+01:00;AD3830770CCDD0AD38300343;;3;-73;865,7;169.254.1.1
2022-12-12T16:26:47.3480160+01:00;AD3830770CCDD0AD38300301;;1;-74,5;865,7;169.254.1.1
2022-12-12T16:26:47.3697460+01:00;AD3830770CCDD0AD383001D7;;1;-73;865,7;169.254.1.1
2022-12-12T16:26:47.4370730+01:00;AD3830770CCDD0AD3830032F;;3;-75,5;865,7;169.254.1.1
2022-12-12T16:26:47.4486030+01:00;AD3830770CCDD0AD383001EE;;3;-76,5;865,7;169.254.1.1
2022-12-12T16:26:47.4631680+01:00;AD3830770CCDD0AD383003F7;;3;-73,5;865,7;169.254.1.1
2022-12-12T16:26:47.4977410+01:00;AD3830770CCDD0AD38300372;;4;-77,5;865,7;169.254.1.1
2022-12-12T16:26:47.5075590+01:00;AD3830770CCDD0AD383002BE;;4;-73;865,7;169.254.1.1
2022-12-12T16:26:47.5206900+01:00;AD3830770CCDD0AD383003D6;;4;-73;865,7;169.254.1.1
2022-12-12T16:26:47.5514830+01:00;AD3830770CCDD0AD38300399;;1;-73;865,7;169.254.1.1
2022-12-12T16:26:47.5611530+01:00;AD3830770CCDD0AD38300307;;1;-75,5;865,7;169.254.1.1
2022-12-12T16:26:47.6183930+01:00;AD3830770CCDD0AD38300466;;2;-76;865,7;169.254.1.1
2022-12-12T16:26:47.6280970+01:00;AD3830770CCDD0AD38300342;;2;-73,5;865,7;169.254.1.1
2022-12-12T16:26:47.6397420+01:00;AD3830770CCDD0AD383002DB;;2;-75;865,7;169.254.1.1
2022-12-12T16:26:47.6821060+01:00;AD3830770CCDD0AD3830025D;;3;-72,5;865,7;169.254.1.1
2022-12-12T16:26:47.6969160+01:00;AD3830770CCDD0AD383003F7;;3;-74;865,7;169.254.1.1
2022-12-12T16:26:47.7067740+01:00;AD3830770CCDD0AD38300280;;3;-75;865,7;169.254.1.1
2022-12-12T16:26:47.7358940+01:00;AD3830770CCDD0AD38300280;;4;-76,5;865,7;169.254.1.1
2022-12-12T16:26:47.7471510+01:00;AD3830770CCDD0AD3830044B;;4;-72;865,7;169.254.1.1
2022-12-12T16:26:47.7691450+01:00;AD3830770CCDD0AD383003D6;;4;-72,5;865,7;169.254.1.1
2022-12-12T16:26:47.8329200+01:00;AD3830770CCDD0AD383002DB;;2;-75;865,7;169.254.1.1
2022-12-12T16:26:47.8802070+01:00;AD3830770CCDD0AD383003F7;;3;-74;865,7;169.254.1.1
2022-12-12T16:26:47.8899890+01:00;AD3830770CCDD0AD3830041A;;3;-75;865,7;169.254.1.1
2022-12-12T16:26:47.9017740+01:00;AD3830770CCDD0AD38300214;;3;-74,5;865,7;169.254.1.1
2022-12-12T16:26:47.9183680+01:00;AD3830770CCDD0AD38300214;;4;-70;865,7;169.254.1.1
2022-12-12T16:26:47.9194300+01:00;AD3830770CCDD0AD38300482;;4;-70;865,7;169.254.1.1
2022-12-12T16:26:47.9447290+01:00;AD3830770CCDD0AD383003D6;;4;-72,5;865,7;169.254.1.1
2022-12-12T16:26:47.9579950+01:00;AD3830770CCDD0AD38300372;;4;-77;865,7;169.254.1.1
2022-12-12T16:26:47.9812230+01:00;AD3830770CCDD0AD3830033A;;1;-70;865,7;169.254.1.1
2022-12-12T16:26:47.9941650+01:00;AD3830770CCDD0AD38300326;;1;-72;865,7;169.254.1.1
2022-12-12T16:26:48.0029470+01:00;AD3830770CCDD0AD383001C6;;1;-73,5;865,7;169.254.1.1
2022-12-12T16:26:48.0106880+01:00;AD3830770CCDD0AD383004A9;;1;-75;865,7;169.254.1.1
2022-12-12T16:26:48.0453350+01:00;AD3830770CCDD0AD3830029C;;2;-76,5;865,7;169.254.1.1
2022-12-12T16:26:48.1570710+01:00;AD3830770CCDD0AD3830027F;;2;-72;865,7;169.254.1.1
2022-12-12T16:26:48.1734970+01:00;AD3830770CCDD0AD383003B3;;2;-72,5;865,7;169.254.1.1
2022-12-12T16:26:48.2173850+01:00;AD3830770CCDD0AD383001CE;;3;-73;865,7;169.254.1.1
2022-12-12T16:26:48.2355500+01:00;AD3830770CCDD0AD383004B3;;3;-76,5;865,7;169.254.1.1
2022-12-12T16:26:48.2453600+01:00;AD3830770CCDD0AD38300280;;3;-75,5;865,7;169.254.1.1
2022-12-12T16:26:48.2640360+01:00;AD3830770CCDD0AD38300462;;4;-71,5;865,7;169.254.1.1
2022-12-12T16:26:48.2998440+01:00;AD3830770CCDD0AD38300309;;4;-73;865,7;169.254.1.1
2022-12-12T16:26:48.3094580+01:00;AD3830770CCDD0AD38300450;;4;-73;865,7;169.254.1.1
2022-12-12T16:26:48.3225610+01:00;AD3830770CCDD0AD383003BB;;4;-75,5;865,7;169.254.1.1
2022-12-12T16:26:48.3357890+01:00;AD3830770CCDD0AD3830027B;;1;-67,5;865,7;169.254.1.1
2022-12-12T16:26:48.3398080+01:00;AD3830770CCDD0AD38300324;;1;-71,5;865,7;169.254.1.1
2022-12-12T16:26:48.3639540+01:00;AD3830770CCDD0AD383004A9;;1;-75;865,7;169.254.1.1
2022-12-12T16:26:48.3736270+01:00;AD3830770CCDD0AD3830033A;;1;-73;865,7;169.254.1.1
2022-12-12T16:26:48.3881390+01:00;AD3830770CCDD0AD383001DD;;1;-74,5;865,7;169.254.1.1
2022-12-12T16:26:48.4061750+01:00;AD3830770CCDD0AD383001E7;;2;-71;865,7;169.254.1.1
2022-12-12T16:26:48.4217540+01:00;AD3830770CCDD0AD383002AA;;2;-74;865,7;169.254.1.1
2022-12-12T16:26:48.4328650+01:00;AD3830770CCDD0AD383001DD;;2;-74,5;865,7;169.254.1.1
2022-12-12T16:26:48.4892290+01:00;AD3830770CCDD0AD3830021C;;3;-75;865,7;169.254.1.1
2022-12-12T16:26:48.5022840+01:00;AD3830770CCDD0AD3830049F;;3;-75,5;865,7;169.254.1.1
2022-12-12T16:26:48.5157710+01:00;AD3830770CCDD0AD383001CE;;3;-73,5;865,7;169.254.1.1
2022-12-12T16:26:48.5538530+01:00;AD3830770CCDD0AD38300443;;4;-76;865,7;169.254.1.1
2022-12-12T16:26:48.5652620+01:00;AD3830770CCDD0AD383003BB;;4;-75;865,7;169.254.1.1
2022-12-12T16:26:48.5765590+01:00;AD3830770CCDD0AD383001CE;;4;-77;865,7;169.254.1.1
2022-12-12T16:26:48.5889680+01:00;AD3830770CCDD0AD383002DA;;1;-69;865,7;169.254.1.1
2022-12-12T16:26:48.6209130+01:00;AD3830770CCDD0AD383002F1;;1;-78,5;865,7;169.254.1.1
2022-12-12T16:26:48.6601550+01:00;AD3830770CCDD0AD383001D5;;2;-77;865,7;169.254.1.1
2022-12-12T16:26:48.7016490+01:00;AD3830770CCDD0AD383001CE;;3;-73;865,7;169.254.1.1
2022-12-12T16:26:48.7113110+01:00;AD3830770CCDD0AD383004B2;;3;-73,5;865,7;169.254.1.1
2022-12-12T16:26:48.7276620+01:00;AD3830770CCDD0AD3830027D;;3;-74;865,7;169.254.1.1
2022-12-12T16:26:48.7679700+01:00;AD3830770CCDD0AD383002FC;;4;-75;865,7;169.254.1.1
2022-12-12T16:26:48.8088300+01:00;AD3830770CCDD0AD38300455;;1;-72;865,7;169.254.1.1
2022-12-12T16:26:48.8928620+01:00;AD3830770CCDD0AD3830027D;;3;-74;865,7;169.254.1.1
2022-12-12T16:26:48.9061530+01:00;AD3830770CCDD0AD38300280;;3;-75,5;865,7;169.254.1.1
2022-12-12T16:26:48.9577890+01:00;AD3830770CCDD0AD38300437;;4;-74,5;865,7;169.254.1.1
2022-12-12T16:26:49.0046150+01:00;AD3830770CCDD0AD3830047A;;1;-72,5;865,7;169.254.1.1
2022-12-12T16:26:49.0143880+01:00;AD3830770CCDD0AD383002D8;;1;-72,5;865,7;169.254.1.1
2022-12-12T16:26:49.0495740+01:00;AD3830770CCDD0AD383001EF;;2;-76,5;865,7;169.254.1.1
2022-12-12T16:26:49.0982280+01:00;AD3830770CCDD0AD38300343;;3;-73;865,7;169.254.1.1
2022-12-12T16:26:49.1148530+01:00;AD3830770CCDD0AD383002E7;;3;-73,5;865,7;169.254.1.1
2022-12-12T16:26:49.1629670+01:00;AD3830770CCDD0AD3830028A;;4;-74;865,7;169.254.1.1
2022-12-12T16:26:49.1744680+01:00;AD3830770CCDD0AD383001C3;;4;-74,5;865,7;169.254.1.1
2022-12-12T16:26:49.2194630+01:00;AD3830770CCDD0AD383001DD;;1;-73,5;865,7;169.254.1.1
